北海道,三笠,三笠市,http://www.hokkaido-michinoeki.jp/michinoeki/172/
北海道,スタープラザ　芦別,芦別市,http://www.hokkaido-michinoeki.jp/michinoeki/202/
北海道,南ふらの,空知郡南富良野町,http://www.hokkaido-michinoeki.jp/michinoeki/222/
北海道,しらぬか恋問館,白糠郡白糠町,http://www.hokkaido-michinoeki.jp/michinoeki/263/
北海道,びふか,中川郡美深町,http://www.hokkaido-michinoeki.jp/michinoeki/292/
北海道,江差,檜山郡江差町,http://www.hokkaido-michinoeki.jp/michinoeki/321/
北海道,望羊中山,虻田郡喜茂別町,http://www.hokkaido-michinoeki.jp/michinoeki/364/
北海道,えんべつ富士見,天塩郡遠別町,http://www.hokkaido-michinoeki.jp/michinoeki/389/
北海道,忠類,中川郡幕別町,http://www.hokkaido-michinoeki.jp/michinoeki/407/
北海道,摩周温泉,川上郡弟子屈町,http://www.hokkaido-michinoeki.jp/michinoeki/440/
北海道,おといねっぷ,中川郡音威子府村,http://www.hokkaido-michinoeki.jp/michinoeki/458/
北海道,かみゆうべつ温泉チューリップの湯,紋別郡湧別町,http://www.hokkaido-michinoeki.jp/michinoeki/472/
北海道,いわない,岩内郡岩内町,http://www.hokkaido-michinoeki.jp/michinoeki/499/
北海道,厚岸グルメパーク,厚岸郡厚岸町,http://www.hokkaido-michinoeki.jp/michinoeki/531/
北海道,サンフラワー北竜,雨竜郡北竜町,http://www.hokkaido-michinoeki.jp/michinoeki/546/
北海道,みついし,日高郡新ひだか町,http://www.hokkaido-michinoeki.jp/michinoeki/564/
北海道,あっさぶ,檜山郡厚沢部町,http://www.hokkaido-michinoeki.jp/michinoeki/576/
北海道,よってけ！島牧,島牧郡島牧村,http://www.hokkaido-michinoeki.jp/michinoeki/588/
北海道,てっくいランド大成,久遠郡せたな町,http://www.hokkaido-michinoeki.jp/michinoeki/611/
北海道,オホーツク紋別,紋別市,http://www.hokkaido-michinoeki.jp/michinoeki/626/
北海道,YOU･遊･もり,茅部郡森町,http://www.hokkaido-michinoeki.jp/michinoeki/641/
北海道,おんねゆ温泉,北見市,http://www.hokkaido-michinoeki.jp/michinoeki/685/
北海道,ルート２２９元和台,爾志郡乙部町,http://www.hokkaido-michinoeki.jp/michinoeki/704/
北海道,ハウスヤルビ奈井江,空知郡奈井江町,http://www.hokkaido-michinoeki.jp/michinoeki/722/
北海道,おびら鰊番屋,留萌郡小平町,http://www.hokkaido-michinoeki.jp/michinoeki/744/
北海道,マリーンアイランド岡島,枝幸郡枝幸町,http://www.hokkaido-michinoeki.jp/michinoeki/768/
北海道,おこっぺ,紋別郡興部町,http://www.hokkaido-michinoeki.jp/michinoeki/795/
北海道,阿寒丹頂の里,釧路市,http://www.hokkaido-michinoeki.jp/michinoeki/810/
北海道,おとふけ,河東郡音更町,http://www.hokkaido-michinoeki.jp/michinoeki/825/
北海道,ピンネシリ,枝幸郡中頓別町,http://www.hokkaido-michinoeki.jp/michinoeki/842/
北海道,上ノ国もんじゅ,檜山郡上ノ国町,http://www.hokkaido-michinoeki.jp/michinoeki/870/
北海道,オスコイ！かもえない,古宇郡神恵内村,http://www.hokkaido-michinoeki.jp/michinoeki/881/
北海道,なかさつない,河西郡中札内村,http://www.hokkaido-michinoeki.jp/michinoeki/892/
北海道,マオイの丘公園,夕張郡長沼町,http://www.hokkaido-michinoeki.jp/michinoeki/906/
北海道,樹海ロード日高,沙流郡日高町,http://www.hokkaido-michinoeki.jp/michinoeki/921/
北海道,そうべつ情報館ｉ（アイ）,有珠郡壮瞥町,http://www.hokkaido-michinoeki.jp/michinoeki/937/
北海道,ニセコビュープラザ,虻田郡ニセコ町,http://www.hokkaido-michinoeki.jp/michinoeki/949/
北海道,しりうち,上磯郡知内町,http://www.hokkaido-michinoeki.jp/michinoeki/961/
北海道,横綱の里ふくしま,松前郡福島町,http://www.hokkaido-michinoeki.jp/michinoeki/973/
北海道,サラブレッドロード新冠,新冠郡新冠町,http://www.hokkaido-michinoeki.jp/michinoeki/988/
北海道,ピア２１しほろ,河東郡士幌町,http://www.hokkaido-michinoeki.jp/michinoeki/1001/
北海道,香りの里たきのうえ,紋別郡滝上町,http://www.hokkaido-michinoeki.jp/michinoeki/1016/
北海道,田園の里うりゅう,雨竜郡雨竜町,http://www.hokkaido-michinoeki.jp/michinoeki/1026/
北海道,みたら室蘭,室蘭市,http://www.hokkaido-michinoeki.jp/michinoeki/1039/
北海道,とうま,上川郡当麻町,http://www.hokkaido-michinoeki.jp/michinoeki/1677/
北海道,スペース・アップルよいち,余市郡余市町,http://www.hokkaido-michinoeki.jp/michinoeki/1699/
北海道,ほっと♡はぼろ,苫前郡羽幌町,http://www.hokkaido-michinoeki.jp/michinoeki/1747/
北海道,サロマ湖,常呂郡佐呂間町,http://www.hokkaido-michinoeki.jp/michinoeki/1787/
北海道,愛ランド湧別,紋別郡湧別町,http://www.hokkaido-michinoeki.jp/michinoeki/1951/
北海道,おうむ,紋別郡雄武町,http://www.hokkaido-michinoeki.jp/michinoeki/1975/
北海道,さるふつ公園,宗谷郡猿払村,http://www.hokkaido-michinoeki.jp/michinoeki/2010/
北海道,森と湖の里ほろかない,雨竜郡幌加内町,http://www.hokkaido-michinoeki.jp/michinoeki/2038/
北海道,うたしないチロルの湯,歌志内市,http://www.hokkaido-michinoeki.jp/michinoeki/2066/
北海道,くろまつない,寿都郡黒松内町,http://www.hokkaido-michinoeki.jp/michinoeki/2088/
北海道,たきかわ,滝川市,http://www.hokkaido-michinoeki.jp/michinoeki/2107/
北海道,スワン４４ねむろ,根室市,http://www.hokkaido-michinoeki.jp/michinoeki/2143/
北海道,つるぬま,樺戸郡浦臼町,http://www.hokkaido-michinoeki.jp/michinoeki/2164/
北海道,なとわ・えさん,函館市,http://www.hokkaido-michinoeki.jp/michinoeki/2179/
北海道,つど～る・プラザ・さわら,茅部郡森町,http://www.hokkaido-michinoeki.jp/michinoeki/2200/
北海道,知床・らうす,目梨郡羅臼町,http://www.hokkaido-michinoeki.jp/michinoeki/2217/
北海道,さらべつ,河西郡更別村,http://www.hokkaido-michinoeki.jp/michinoeki/2232/
北海道,だて歴史の杜,伊達市,http://www.hokkaido-michinoeki.jp/michinoeki/2253/
北海道,あさひかわ,旭川市,http://www.hokkaido-michinoeki.jp/michinoeki/2272/
北海道,自然体感しむかっぷ,勇払郡占冠村,http://www.hokkaido-michinoeki.jp/michinoeki/2298/
北海道,にしおこっぺ花夢,紋別郡西興部村,http://www.hokkaido-michinoeki.jp/michinoeki/2325/
北海道,オーロラタウン９３りくべつ,足寄郡陸別町,http://www.hokkaido-michinoeki.jp/michinoeki/2355/
北海道,はなやか（葉菜野花）小清水,斜里郡小清水町,http://www.hokkaido-michinoeki.jp/michinoeki/2375/
北海道,ライスランドふかがわ,深川市,http://www.hokkaido-michinoeki.jp/michinoeki/2390/
北海道,なかがわ,中川郡中川町,http://www.hokkaido-michinoeki.jp/michinoeki/2424/
北海道,２３０ルスツ,虻田郡留寿都村,http://www.hokkaido-michinoeki.jp/michinoeki/2442/
北海道,てしお,天塩郡天塩町,http://www.hokkaido-michinoeki.jp/michinoeki/2467/
北海道,コスモール大樹,広尾郡大樹町,http://www.hokkaido-michinoeki.jp/michinoeki/2483/
北海道,ぐるっとパノラマ美幌峠,網走郡美幌町,http://www.hokkaido-michinoeki.jp/michinoeki/2502/
北海道,らんこし・ふるさとの丘,磯谷郡蘭越町,http://www.hokkaido-michinoeki.jp/michinoeki/2519/
北海道,とようら,虻田郡豊浦町,http://www.hokkaido-michinoeki.jp/michinoeki/2533/
北海道,メルヘンの丘めまんべつ,網走郡大空町,http://www.hokkaido-michinoeki.jp/michinoeki/2548/
北海道,むかわ四季の館,勇払郡むかわ町,http://www.hokkaido-michinoeki.jp/michinoeki/2569/
北海道,あいおい,網走郡津別町,http://www.hokkaido-michinoeki.jp/michinoeki/2585/
北海道,しかおい,河東郡鹿追町,http://www.hokkaido-michinoeki.jp/michinoeki/2605/
北海道,しらたき,紋別郡遠軽町,http://www.hokkaido-michinoeki.jp/michinoeki/2623/
北海道,あしょろ銀河ホール２１,足寄郡足寄町,http://www.hokkaido-michinoeki.jp/michinoeki/2639/
北海道,サーモンパーク千歳,千歳市,http://www.hokkaido-michinoeki.jp/michinoeki/2654/
北海道,ひがしかわ「道草館」,上川郡東川町,http://www.hokkaido-michinoeki.jp/michinoeki/2668/
北海道,花ロードえにわ,恵庭市,http://www.hokkaido-michinoeki.jp/michinoeki/2684/
北海道,シェルプラザ・港,磯谷郡蘭越町,http://www.hokkaido-michinoeki.jp/michinoeki/2702/
北海道,真狩フラワーセンター,虻田郡真狩村,http://www.hokkaido-michinoeki.jp/michinoeki/2715/
北海道,鐘のなるまち・ちっぷべつ,雨竜郡秩父別町,http://www.hokkaido-michinoeki.jp/michinoeki/2732/
北海道,あぷた,虻田郡洞爺湖町,http://www.hokkaido-michinoeki.jp/michinoeki/2751/
北海道,うりまく,河東郡鹿追町,http://www.hokkaido-michinoeki.jp/michinoeki/2766/
北海道,絵本の里けんぶち,上川郡剣淵町,http://www.hokkaido-michinoeki.jp/michinoeki/2782/
北海道,風Ｗとままえ,苫前郡苫前町,http://www.hokkaido-michinoeki.jp/michinoeki/2805/
北海道,しほろ温泉,河東郡士幌町,http://www.hokkaido-michinoeki.jp/michinoeki/2824/
北海道,名水の郷きょうごく,虻田郡京極町,http://www.hokkaido-michinoeki.jp/michinoeki/2841/
北海道,びえい「丘のくら」,上川郡美瑛町,http://www.hokkaido-michinoeki.jp/michinoeki/2854/
北海道,☆ロマン街道しょさんべつ,苫前郡初山別村,http://www.hokkaido-michinoeki.jp/michinoeki/2870/
北海道,うとろ・シリエトク,斜里郡斜里町,http://www.hokkaido-michinoeki.jp/michinoeki/2884/
北海道,しゃり,斜里郡斜里町,http://www.hokkaido-michinoeki.jp/michinoeki/2905/
北海道,パパスランドさっつる,斜里郡清里町,http://www.hokkaido-michinoeki.jp/michinoeki/2920/
北海道,もち米の里☆なよろ,名寄市,http://www.hokkaido-michinoeki.jp/michinoeki/2939/
北海道,みなとま～れ寿都,寿都郡寿都町,http://www.hokkaido-michinoeki.jp/michinoeki/2959/
北海道,とうや湖,虻田郡洞爺湖町,http://www.hokkaido-michinoeki.jp/michinoeki/2974/
北海道,流氷街道網走,網走市,http://www.hokkaido-michinoeki.jp/michinoeki/2986/
北海道,北前船 松前,松前郡松前町,http://www.hokkaido-michinoeki.jp/michinoeki/3007/
北海道,ステラ★ほんべつ,中川郡本別町,http://www.hokkaido-michinoeki.jp/michinoeki/3021/
北海道,ウトナイ湖,苫小牧市,http://www.hokkaido-michinoeki.jp/michinoeki/3038/
北海道,うらほろ,十勝郡浦幌町,http://www.hokkaido-michinoeki.jp/michinoeki/3057/
北海道,しんしのつ,石狩郡新篠津村,http://www.hokkaido-michinoeki.jp/michinoeki/3070/
北海道,夕張メロード,夕張市,http://www.hokkaido-michinoeki.jp/michinoeki/3083/
北海道,おだいとう,野付郡別海町,http://www.hokkaido-michinoeki.jp/michinoeki/3099/
北海道,縄文ロマン　南かやべ,函館市,http://www.hokkaido-michinoeki.jp/michinoeki/3114/
北海道,わっかない,稚内市,http://www.hokkaido-michinoeki.jp/michinoeki/3126/
北海道,あかいがわ,余市郡赤井川村,http://www.hokkaido-michinoeki.jp/michinoeki/3143/
北海道,みそぎの郷　きこない,上磯郡木古内町,http://www.hokkaido-michinoeki.jp/michinoeki/3158/
北海道,しかべ間歇泉公園,茅部郡鹿部町,http://www.hokkaido-michinoeki.jp/michinoeki/3174/
北海道,ノンキーランド　ひがしもこと,網走郡大空町,http://www.hokkaido-michinoeki.jp/michinoeki/13538/
北海道,北欧の風　道の駅とうべつ,石狩郡当別町,http://www.hokkaido-michinoeki.jp/michinoeki/13542/
北海道,石狩「あいろーど厚田」,石狩市,http://www.hokkaido-michinoeki.jp/michinoeki/14938/
北海道,なないろ・ななえ,亀田郡七飯町,http://www.hokkaido-michinoeki.jp/michinoeki/14941/
北海道,びえい「白金ビルケ」,上川郡美瑛町,http://www.hokkaido-michinoeki.jp/michinoeki/16028/
北海道,北オホーツクはまとんべつ,枝幸郡浜頓別町,http://www.hokkaido-michinoeki.jp/michinoeki/19522/
北海道,あびら D51ステーション,勇払郡安平町,http://www.hokkaido-michinoeki.jp/michinoeki/19505/
北海道,遠軽 森のオホーツク,紋別郡遠軽町,http://www.hokkaido-michinoeki.jp/michinoeki/22139/
北海道,るもい,留萌市,http://www.hokkaido-michinoeki.jp/michinoeki/23225/
北海道,かみしほろ,河東郡上士幌町,http://www.hokkaido-michinoeki.jp/michinoeki/23227/
北海道,ガーデンスパ十勝川温泉,河東郡音更町,http://www.hokkaido-michinoeki.jp/michinoeki/26870/
北海道,羊のまち 侍・しべつ,士別市,https://hokkaido-michinoeki.jp/michinoeki/33477/
北海道,２７５つきがた,樺戸郡月形町,https://hokkaido-michinoeki.jp/michinoeki/53300/
北海道,ふるびらたらこミュージアム,古平郡古平町,https://hokkaido-michinoeki.jp/michinoeki/55776/
青森県,しちのへ,上北郡七戸町,https://www.michi-no-eki.jp/stations/views/18900
青森県,はしかみ,三戸郡階上町,https://www.michi-no-eki.jp/stations/views/18901
青森県,虹の湖,黒石市,https://www.michi-no-eki.jp/stations/views/18902
青森県,わきのさわ,むつ市,https://www.michi-no-eki.jp/stations/views/18903
青森県,かわうち湖,むつ市,https://www.michi-no-eki.jp/stations/views/18904
青森県,しんごう,三戸郡新郷村,https://www.michi-no-eki.jp/stations/views/18905
青森県,ひろさき,弘前市,https://www.michi-no-eki.jp/stations/views/18906
青森県,奥入瀬,十和田市,https://www.michi-no-eki.jp/stations/views/18907
青森県,さんのへ,三戸郡三戸町,https://www.michi-no-eki.jp/stations/views/18908
青森県,なみおか,青森市,https://www.michi-no-eki.jp/stations/views/18909
青森県,十三湖高原,五所川原市,https://www.michi-no-eki.jp/stations/views/18910
青森県,いまべつ,東津軽郡今別町,https://www.michi-no-eki.jp/stations/views/18911
青森県,なんごう,八戸市,https://www.michi-no-eki.jp/stations/views/18912
青森県,もりた,つがる市,https://www.michi-no-eki.jp/stations/views/18913
青森県,浅虫温泉,青森市,https://www.michi-no-eki.jp/stations/views/18914
青森県,いかりがせき,平川市,https://www.michi-no-eki.jp/stations/views/18915
青森県,いなかだて,南津軽郡田舎館村,https://www.michi-no-eki.jp/stations/views/18916
青森県,よこはま,上北郡横浜町,https://www.michi-no-eki.jp/stations/views/18917
青森県,みんまや,東津軽郡外ヶ浜町,https://www.michi-no-eki.jp/stations/views/18918
青森県,こどまり,北津軽郡中泊町,https://www.michi-no-eki.jp/stations/views/18919
青森県,みさわ,三沢市,https://www.michi-no-eki.jp/stations/views/18920
青森県,とわだ,十和田市,https://www.michi-no-eki.jp/stations/views/18921
青森県,つるた,北津軽郡鶴田町,https://www.michi-no-eki.jp/stations/views/18922
青森県,ふかうら,西津軽郡深浦町,https://www.michi-no-eki.jp/stations/views/18923
青森県,おがわら湖,上北郡東北町,https://www.michi-no-eki.jp/stations/views/18924
青森県,たいらだて,東津軽郡外ヶ浜町,https://www.michi-no-eki.jp/stations/views/18925
青森県,ろくのへ,上北郡六戸町,https://www.michi-no-eki.jp/stations/views/18926
青森県,津軽白神,中津軽郡西目屋村,https://www.michi-no-eki.jp/stations/views/19899
岩手県,石鳥谷,花巻市,https://www.michi-no-eki.jp/stations/views/18927
岩手県,高田松原,陸前高田市,https://www.michi-no-eki.jp/stations/views/18928
岩手県,区界高原,宮古市,https://www.michi-no-eki.jp/stations/views/18929
岩手県,おおの,九戸郡洋野町,https://www.michi-no-eki.jp/stations/views/18930
岩手県,種山ヶ原,気仙郡住田町,https://www.michi-no-eki.jp/stations/views/18931
岩手県,いわいずみ,下閉伊郡岩泉町,https://www.michi-no-eki.jp/stations/views/18932
岩手県,のだ,九戸郡野田村,https://www.michi-no-eki.jp/stations/views/18933
岩手県,たろう,宮古市,https://www.michi-no-eki.jp/stations/views/18934
岩手県,たのはた,下閉伊郡田野畑村,https://www.michi-no-eki.jp/stations/views/18935
岩手県,みずさわ,奥州市,https://www.michi-no-eki.jp/stations/views/18936
岩手県,にしね,八幡平市,https://www.michi-no-eki.jp/stations/views/18937
岩手県,白樺の里やまがた,久慈市,https://www.michi-no-eki.jp/stations/views/18938
岩手県,みやもり,遠野市,https://www.michi-no-eki.jp/stations/views/18939
岩手県,紫波,紫波郡紫波町,https://www.michi-no-eki.jp/stations/views/18940
岩手県,はやちね,花巻市,https://www.michi-no-eki.jp/stations/views/18941
岩手県,やまだ,下閉伊郡山田町,https://www.michi-no-eki.jp/stations/views/18942
岩手県,遠野風の丘,遠野市,https://www.michi-no-eki.jp/stations/views/18943
岩手県,さんりく,大船渡市,https://www.michi-no-eki.jp/stations/views/18944
岩手県,錦秋湖,和賀郡西和賀町,https://www.michi-no-eki.jp/stations/views/18945
岩手県,くずまき高原,岩手郡葛巻町,https://www.michi-no-eki.jp/stations/views/18946
岩手県,石神の丘,岩手郡岩手町,https://www.michi-no-eki.jp/stations/views/18947
岩手県,雫石あねっこ,岩手郡雫石町,https://www.michi-no-eki.jp/stations/views/18948
岩手県,とうわ,花巻市,https://www.michi-no-eki.jp/stations/views/18949
岩手県,厳美渓,一関市,https://www.michi-no-eki.jp/stations/views/18950
岩手県,おりつめ,九戸郡九戸村,https://www.michi-no-eki.jp/stations/views/18951
岩手県,かわさき,一関市,https://www.michi-no-eki.jp/stations/views/18952
岩手県,やまびこ館,宮古市,https://www.michi-no-eki.jp/stations/views/18953
岩手県,みやこ,宮古市,https://www.michi-no-eki.jp/stations/views/18954
岩手県,三田貝分校,下閉伊郡岩泉町,https://www.michi-no-eki.jp/stations/views/18955
岩手県,くじ,久慈市,https://www.michi-no-eki.jp/stations/views/18956
岩手県,釜石仙人峠,釜石市,https://www.michi-no-eki.jp/stations/views/19822
岩手県,平泉,西磐井郡平泉町,https://www.michi-no-eki.jp/stations/views/19876
岩手県,むろね,一関市,https://www.michi-no-eki.jp/stations/views/19900
岩手県,はなまき西南,花巻市,https://www.michi-no-eki.jp/stations/views/19944
岩手県,青の国ふだい,下閉伊郡普代村,https://www.michi-no-eki.jp/stations/views/19963
岩手県,いわて北三陸,久慈市,https://www.michi-no-eki.jp/stations/views/21974
岩手県,だいとう,一関市,https://www.michi-no-eki.jp/stations/views/22682
岩手県,もりおか渋民,盛岡市,https://www.michi-no-eki.jp/stations/views/22683
岩手県,ふなこし,下閉伊郡山田町,https://www.michi-no-eki.jp/stations/views/22684
宮城県,七ヶ宿,刈田郡七ヶ宿町,https://www.michi-no-eki.jp/stations/views/18957
宮城県,津山,登米市,https://www.michi-no-eki.jp/stations/views/18958
宮城県,三本木,大崎市,https://www.michi-no-eki.jp/stations/views/18959
宮城県,路田里はなやま,栗原市,https://www.michi-no-eki.jp/stations/views/18960
宮城県,大谷海岸,気仙沼市,https://www.michi-no-eki.jp/stations/views/18961
宮城県,おおさと,黒川郡大郷町,https://www.michi-no-eki.jp/stations/views/18962
宮城県,米山,登米市,https://www.michi-no-eki.jp/stations/views/18963
宮城県,あ・ら・伊達な道の駅,大崎市,https://www.michi-no-eki.jp/stations/views/18964
宮城県,林林館,登米市,https://www.michi-no-eki.jp/stations/views/18965
宮城県,上品の郷,石巻市,https://www.michi-no-eki.jp/stations/views/18966
宮城県,みなみかた,登米市,https://www.michi-no-eki.jp/stations/views/18967
宮城県,村田,柴田郡村田町,https://www.michi-no-eki.jp/stations/views/18968
宮城県,三滝堂,登米市,https://www.michi-no-eki.jp/stations/views/19842
宮城県,おおさき,大崎市,https://www.michi-no-eki.jp/stations/views/19935
宮城県,かくだ,角田市,https://www.michi-no-eki.jp/stations/views/19929
宮城県,おながわ,牡鹿郡女川町,https://www.michi-no-eki.jp/stations/views/19965
宮城県,さんさん南三陸,本吉郡南三陸町,https://www.michi-no-eki.jp/stations/views/19966
宮城県,硯上の里おがつ,石巻市,https://www.michi-no-eki.jp/stations/views/19964
宮城県,東松島,東松島市,https://www.michi-no-eki.jp/stations/views/22523
秋田県,たかのす,北秋田市,https://www.michi-no-eki.jp/stations/views/18969
秋田県,ふたつい,能代市,https://www.michi-no-eki.jp/stations/views/18970
秋田県,にしめ,由利本荘市,https://www.michi-no-eki.jp/stations/views/18971
秋田県,やたて峠,大館市,https://www.michi-no-eki.jp/stations/views/18972
秋田県,はちもり,山本郡八峰町,https://www.michi-no-eki.jp/stations/views/18973
秋田県,かづの,鹿角市,https://www.michi-no-eki.jp/stations/views/18974
秋田県,かみおか,大仙市,https://www.michi-no-eki.jp/stations/views/18975
秋田県,ことおか,山本郡三種町,https://www.michi-no-eki.jp/stations/views/18976
秋田県,東由利,由利本荘市,https://www.michi-no-eki.jp/stations/views/18977
秋田県,かみこあに,北秋田郡上小阿仁村,https://www.michi-no-eki.jp/stations/views/18978
秋田県,象潟,にかほ市,https://www.michi-no-eki.jp/stations/views/18979
秋田県,なかせん,大仙市,https://www.michi-no-eki.jp/stations/views/18980
秋田県,おがち,湯沢市,https://www.michi-no-eki.jp/stations/views/18981
秋田県,てんのう,潟上市,https://www.michi-no-eki.jp/stations/views/18982
秋田県,岩城,由利本荘市,https://www.michi-no-eki.jp/stations/views/18983
秋田県,しょうわ,潟上市,https://www.michi-no-eki.jp/stations/views/18984
秋田県,みねはま,山本郡八峰町,https://www.michi-no-eki.jp/stations/views/18985
秋田県,さんない,横手市,https://www.michi-no-eki.jp/stations/views/18986
秋田県,おおうち,由利本荘市,https://www.michi-no-eki.jp/stations/views/18987
秋田県,あに,北秋田市,https://www.michi-no-eki.jp/stations/views/18988
秋田県,ひない,大館市,https://www.michi-no-eki.jp/stations/views/18989
秋田県,五城目,南秋田郡五城目町,https://www.michi-no-eki.jp/stations/views/18990
秋田県,清水の里・鳥海郷,由利本荘市,https://www.michi-no-eki.jp/stations/views/18991
秋田県,美郷,仙北郡美郷町,https://www.michi-no-eki.jp/stations/views/18992
秋田県,協和,大仙市,https://www.michi-no-eki.jp/stations/views/18993
秋田県,十文字,横手市,https://www.michi-no-eki.jp/stations/views/18994
秋田県,おおがた,南秋田郡大潟村,https://www.michi-no-eki.jp/stations/views/18995
秋田県,あきた港,秋田市,https://www.michi-no-eki.jp/stations/views/18996
秋田県,こさか七滝,鹿角郡小坂町,https://www.michi-no-eki.jp/stations/views/18997
秋田県,大館能代空港,北秋田市,https://www.michi-no-eki.jp/stations/views/18998
秋田県,うご,雄勝郡羽後町,https://www.michi-no-eki.jp/stations/views/19860
秋田県,おおゆ,鹿角市,https://www.michi-no-eki.jp/stations/views/19901
秋田県,おが,男鹿市,https://www.michi-no-eki.jp/stations/views/19915
秋田県,十和田湖,鹿角郡小坂町,https://www.michi-no-eki.jp/stations/views/22370
山形県,月山,鶴岡市,https://www.michi-no-eki.jp/stations/views/18999
山形県,河北,西村山郡河北町,https://www.michi-no-eki.jp/stations/views/19000
山形県,寒河江,寒河江市,https://www.michi-no-eki.jp/stations/views/19001
山形県,あつみ,鶴岡市,https://www.michi-no-eki.jp/stations/views/19002
山形県,にしかわ,西村山郡西川町,https://www.michi-no-eki.jp/stations/views/19003
山形県,いいで,西置賜郡飯豊町,https://www.michi-no-eki.jp/stations/views/19004
山形県,むらやま,村山市,https://www.michi-no-eki.jp/stations/views/19005
山形県,とざわ,最上郡戸沢村,https://www.michi-no-eki.jp/stations/views/19006
山形県,鳥海,飽海郡遊佐町,https://www.michi-no-eki.jp/stations/views/19007
山形県,田沢,米沢市,https://www.michi-no-eki.jp/stations/views/19008
山形県,白い森おぐに,西置賜郡小国町,https://www.michi-no-eki.jp/stations/views/19009
山形県,おおえ,西村山郡大江町,https://www.michi-no-eki.jp/stations/views/19010
山形県,庄内みかわ,東田川郡三川町,https://www.michi-no-eki.jp/stations/views/19011
山形県,たかはた,東置賜郡高畠町,https://www.michi-no-eki.jp/stations/views/19012
山形県,天童温泉,天童市,https://www.michi-no-eki.jp/stations/views/19013
山形県,尾花沢,尾花沢市,https://www.michi-no-eki.jp/stations/views/19014
山形県,白鷹ヤナ公園,西置賜郡白鷹町,https://www.michi-no-eki.jp/stations/views/19015
山形県,あさひまち,西村山郡朝日町,https://www.michi-no-eki.jp/stations/views/19823
山形県,しょうない,東田川郡庄内町,https://www.michi-no-eki.jp/stations/views/19861
山形県,川のみなと長井,長井市,https://www.michi-no-eki.jp/stations/views/19878
山形県,米沢,米沢市,https://www.michi-no-eki.jp/stations/views/19902
山形県,やまがた蔵王,山形市,https://www.michi-no-eki.jp/stations/views/22266
山形県,もがみ,最上町,https://www.michi-no-eki.jp/stations/views/22267
山形県,新庄エコロジーガーデン原蚕の杜,新庄市,https://www.michi-no-eki.jp/stations/views/22685
福島県,つちゆ,福島市,https://www.michi-no-eki.jp/stations/views/19016
福島県,川俣,伊達郡川俣町,https://www.michi-no-eki.jp/stations/views/19017
福島県,たじま,南会津郡南会津町,https://www.michi-no-eki.jp/stations/views/19018
福島県,安達,二本松市,https://www.michi-no-eki.jp/stations/views/19019
福島県,喜多の郷,喜多方市,https://www.michi-no-eki.jp/stations/views/19020
福島県,裏磐梯,耶麻郡北塩原村,https://www.michi-no-eki.jp/stations/views/19021
福島県,ならは,双葉郡楢葉町,https://www.michi-no-eki.jp/stations/views/19022
福島県,そうま,相馬市,https://www.michi-no-eki.jp/stations/views/19023
福島県,はなわ,東白川郡塙町,https://www.michi-no-eki.jp/stations/views/19024
福島県,会津柳津,河沼郡柳津町,https://www.michi-no-eki.jp/stations/views/19025
福島県,ふくしま東和,二本松市,https://www.michi-no-eki.jp/stations/views/19026
福島県,にしあいづ,耶麻郡西会津町,https://www.michi-no-eki.jp/stations/views/19027
福島県,尾瀬街道みしま宿,大沼郡三島町,https://www.michi-no-eki.jp/stations/views/19028
福島県,たまかわ,石川郡玉川村,https://www.michi-no-eki.jp/stations/views/19029
福島県,羽鳥湖高原,岩瀬郡天栄村,https://www.michi-no-eki.jp/stations/views/19030
福島県,南相馬,南相馬市,https://www.michi-no-eki.jp/stations/views/19031
福島県,しもごう,南会津郡下郷町,https://www.michi-no-eki.jp/stations/views/19032
福島県,ひらた,石川郡平田村,https://www.michi-no-eki.jp/stations/views/19033
福島県,よつくら港,いわき市,https://www.michi-no-eki.jp/stations/views/19034
福島県,ばんだい,耶麻郡磐梯町,https://www.michi-no-eki.jp/stations/views/19035
福島県,ふるどの,石川郡古殿町,https://www.michi-no-eki.jp/stations/views/19036
福島県,番屋,南会津郡南会津町,https://www.michi-no-eki.jp/stations/views/19037
福島県,季の里天栄,岩瀬郡天栄村,https://www.michi-no-eki.jp/stations/views/19038
福島県,きらら２８９,南会津郡南会津町,https://www.michi-no-eki.jp/stations/views/19039
福島県,奥会津かねやま,大沼郡金山町,https://www.michi-no-eki.jp/stations/views/19040
福島県,さくらの郷,二本松市,https://www.michi-no-eki.jp/stations/views/19041
福島県,あいづ　湯川・会津坂下,河沼郡湯川村,https://www.michi-no-eki.jp/stations/views/19042
福島県,からむし織の里しょうわ,大沼郡昭和村,https://www.michi-no-eki.jp/stations/views/19043
福島県,猪苗代,耶麻郡猪苗代町,https://www.michi-no-eki.jp/stations/views/19862
福島県,国見　あつかしの郷,伊達郡国見町,https://www.michi-no-eki.jp/stations/views/19877
福島県,いいたて村の道の駅までい館,相馬郡飯舘村,https://www.michi-no-eki.jp/stations/views/19890
福島県,尾瀬檜枝岐,南会津郡檜枝岐村,https://www.michi-no-eki.jp/stations/views/19891
福島県,伊達の郷りょうぜん,伊達市,https://www.michi-no-eki.jp/stations/views/19903
福島県,なみえ,双葉郡浪江町,https://www.michi-no-eki.jp/stations/views/19945
福島県,ふくしま,福島市,https://www.michi-no-eki.jp/stations/views/19971
福島県,いわき・ら・ら・ミュウ,いわき市,https://www.michi-no-eki.jp/stations/views/22686
福島県,石川,石川町,
茨城県,かつら,東茨城郡城里町,https://www.ktr.mlit.go.jp/road/chiiki/road_chiiki00000023.html
茨城県,みわ,常陸大宮市,https://www.ktr.mlit.go.jp/road/chiiki/road_chiiki00000054.html
茨城県,さとみ,常陸太田市,https://www.ktr.mlit.go.jp/road/chiiki/road_chiiki00000055.html
茨城県,さかい,猿島郡境町,https://www.ktr.mlit.go.jp/road/chiiki/road_chiiki00000056.html
茨城県,奥久慈だいご,久慈郡大子町,https://www.ktr.mlit.go.jp/road/chiiki/road_chiiki00000100.html
茨城県,しもつま,下妻市,https://www.ktr.mlit.go.jp/road/chiiki/road_chiiki00000068.html
茨城県,たまつくり,行方市,https://www.ktr.mlit.go.jp/road/chiiki/road_chiiki00000059.html
茨城県,いたこ,潮来市,https://www.ktr.mlit.go.jp/road/chiiki/road_chiiki00000060.html
茨城県,ごか,猿島郡五霞町,https://www.ktr.mlit.go.jp/road/chiiki/road_chiiki00000063.html
茨城県,まくらがの里　こが,古河市,https://www.ktr.mlit.go.jp/road/chiiki/road_chiiki00000064.html
茨城県,日立おさかなセンター,日立市,https://www.ktr.mlit.go.jp/road/chiiki/road_chiiki00000065.html
茨城県,常陸大宮,常陸大宮市,https://www.ktr.mlit.go.jp/road/chiiki/road_chiiki00000066.html
茨城県,ひたちおおた,常陸太田市,https://www.ktr.mlit.go.jp/road/chiiki/road_chiiki00000101.html
茨城県,グランテラス筑西,筑西市,http://www.ktr.mlit.go.jp/road/chiiki/road_chiiki00000337.html
茨城県,かさま,笠間市,https://www.ktr.mlit.go.jp/road/chiiki/road_chiiki00000034.html
茨城県,常総,常総市,https://www.ktr.mlit.go.jp/road/chiiki/road_chiiki00000356.html
栃木県,もてぎ,芳賀郡茂木町,https://www.ktr.mlit.go.jp/road/chiiki/road_chiiki00000071.html
栃木県,にのみや,真岡市,https://www.ktr.mlit.go.jp/road/chiiki/road_chiiki00000072.html
栃木県,湯の香しおばら,那須塩原市,https://www.ktr.mlit.go.jp/road/chiiki/road_chiiki00000057.html
栃木県,那須高原友愛の森,那須郡那須町,https://www.ktr.mlit.go.jp/road/chiiki/road_chiiki00000058.html
栃木県,明治の森・黒磯,那須塩原市,https://www.ktr.mlit.go.jp/road/chiiki/road_chiiki00000102.html
栃木県,ばとう,那須郡那珂川町,https://www.ktr.mlit.go.jp/road/chiiki/road_chiiki00000103.html
栃木県,東山道伊王野,那須郡那須町,https://www.ktr.mlit.go.jp/road/chiiki/road_chiiki00000104.html
栃木県,きつれがわ,さくら市,https://www.ktr.mlit.go.jp/road/chiiki/road_chiiki00000105.html
栃木県,どまんなか　たぬま,佐野市,https://www.ktr.mlit.go.jp/road/chiiki/road_chiiki00000050.html
栃木県,はが,芳賀郡芳賀町,https://www.ktr.mlit.go.jp/road/chiiki/road_chiiki00000044.html
栃木県,那須与一の郷,大田原市,https://www.ktr.mlit.go.jp/road/chiiki/road_chiiki00000042.html
栃木県,那須野が原博物館,那須塩原市,https://www.ktr.mlit.go.jp/road/chiiki/road_chiiki00000046.html
栃木県,みかも,栃木市,https://www.ktr.mlit.go.jp/road/chiiki/road_chiiki00000048.html
栃木県,思川,小山市,https://www.ktr.mlit.go.jp/road/chiiki/road_chiiki00000047.html
栃木県,湯西川,日光市,https://www.ktr.mlit.go.jp/road/chiiki/road_chiiki00000076.html
栃木県,みぶ,下都賀郡壬生町,https://www.ktr.mlit.go.jp/road/chiiki/road_chiiki00000108.html
栃木県,にしかた,栃木市,https://www.ktr.mlit.go.jp/road/chiiki/road_chiiki00000109.html
栃木県,しもつけ,下野市,https://www.ktr.mlit.go.jp/road/chiiki/road_chiiki00000110.html
栃木県,やいた,矢板市,https://www.ktr.mlit.go.jp/road/chiiki/road_chiiki00000111.html
栃木県,湧水の郷しおや,塩谷郡塩谷町,https://www.ktr.mlit.go.jp/road/chiiki/road_chiiki00000112.html
栃木県,うつのみや　ろまんちっく村,宇都宮市,https://www.ktr.mlit.go.jp/road/chiiki/road_chiiki00000113.html
栃木県,サシバの里いちかい,芳賀郡市貝町,https://www.ktr.mlit.go.jp/road/chiiki/road_chiiki00000114.html
栃木県,日光,日光市,https://www.ktr.mlit.go.jp/road/chiiki/road_chiiki00000115.html
栃木県,ましこ,芳賀郡益子町,https://www.ktr.mlit.go.jp/road/chiiki/road_chiiki00000129.html
栃木県,たかねざわ　元気あっぷむら,塩谷郡高根沢町,https://www.ktr.mlit.go.jp/road/chiiki/road_chiiki00000033.html
群馬県,上野,多野郡上野村,https://www.ktr.mlit.go.jp/road/chiiki/road_chiiki00000168.html
群馬県,ぐりーんふらわー牧場・大胡,前橋市,https://www.ktr.mlit.go.jp/road/chiiki/road_chiiki00000169.html
群馬県,六合,吾妻郡中之条町,https://www.ktr.mlit.go.jp/road/chiiki/road_chiiki00000170.html
群馬県,おのこ,渋川市,https://www.ktr.mlit.go.jp/road/chiiki/road_chiiki00000171.html
群馬県,上州おにし,藤岡市,https://www.ktr.mlit.go.jp/road/chiiki/road_chiiki00000172.html
群馬県,川場田園プラザ,利根郡川場村,https://www.ktr.mlit.go.jp/road/chiiki/road_chiiki00000173.html
群馬県,みなかみ水紀行館,利根郡みなかみ町,https://www.ktr.mlit.go.jp/road/chiiki/road_chiiki00000174.html
群馬県,白沢,沼田市,https://www.ktr.mlit.go.jp/road/chiiki/road_chiiki00000175.html
群馬県,草津運動茶屋公園,吾妻郡草津町,https://www.ktr.mlit.go.jp/road/chiiki/road_chiiki00000176.html
群馬県,くろほね・やまびこ,桐生市,https://www.ktr.mlit.go.jp/road/chiiki/road_chiiki00000177.html
群馬県,ららん藤岡,藤岡市,https://www.ktr.mlit.go.jp/road/chiiki/road_chiiki00000178.html
群馬県,こもち,渋川市,https://www.ktr.mlit.go.jp/road/chiiki/road_chiiki00000179.html
群馬県,月夜野矢瀬親水公園,利根郡みなかみ町,https://www.ktr.mlit.go.jp/road/chiiki/road_chiiki00000180.html
群馬県,みょうぎ,富岡市,https://www.ktr.mlit.go.jp/road/chiiki/road_chiiki00000181.html
群馬県,万葉の里,多野郡神流町,https://www.ktr.mlit.go.jp/road/chiiki/road_chiiki00000182.html
群馬県,しもにた,甘楽郡下仁田町,https://www.ktr.mlit.go.jp/road/chiiki/road_chiiki00000183.html
群馬県,富弘美術館,みどり市,https://www.ktr.mlit.go.jp/road/chiiki/road_chiiki00000184.html
群馬県,たくみの里,利根郡みなかみ町,https://www.ktr.mlit.go.jp/road/chiiki/road_chiiki00000185.html
群馬県,霊山たけやま,吾妻郡中之条町,https://www.ktr.mlit.go.jp/road/chiiki/road_chiiki00000186.html
群馬県,よしおか温泉,北群馬郡吉岡町,https://www.ktr.mlit.go.jp/road/chiiki/road_chiiki00000187.html
群馬県,赤城の恵,前橋市,https://www.ktr.mlit.go.jp/road/chiiki/road_chiiki00000188.html
群馬県,甘楽,甘楽郡甘楽町,https://www.ktr.mlit.go.jp/road/chiiki/road_chiiki00000189.html
群馬県,あぐりーむ昭和,利根郡昭和村,https://www.ktr.mlit.go.jp/road/chiiki/road_chiiki00000190.html
群馬県,オアシスなんもく,甘楽郡南牧村,https://www.ktr.mlit.go.jp/road/chiiki/road_chiiki00000191.html
群馬県,ふじみ,前橋市,https://www.ktr.mlit.go.jp/road/chiiki/road_chiiki00000192.html
群馬県,おおた,太田市,https://www.ktr.mlit.go.jp/road/chiiki/road_chiiki00000193.html
群馬県,八ッ場ふるさと館,吾妻郡長野原町,https://www.ktr.mlit.go.jp/road/chiiki/road_chiiki00000194.html
群馬県,中山盆地,吾妻郡高山村,https://www.ktr.mlit.go.jp/road/chiiki/road_chiiki00000195.html
群馬県,くらぶち小栗の里,高崎市,https://www.ktr.mlit.go.jp/road/chiiki/road_chiiki00000196.html
群馬県,あがつま峡,吾妻郡東吾妻町,https://www.ktr.mlit.go.jp/road/chiiki/road_chiiki00000197.html
群馬県,玉村宿,佐波郡玉村町,https://www.ktr.mlit.go.jp/road/chiiki/road_chiiki00000198.html
群馬県,尾瀬かたしな,利根郡片品村,http://www.ktr.mlit.go.jp/road/chiiki/road_chiiki00000199.html
群馬県,まえばし赤城,前橋市,https://www.ktr.mlit.go.jp/road/chiiki/road_chiiki00000355.html
埼玉県,あらかわ,秩父市,https://www.ktr.mlit.go.jp/road/chiiki/road_chiiki00000200.html
埼玉県,おがわまち,比企郡小川町,https://www.ktr.mlit.go.jp/road/chiiki/road_chiiki00000201.html
埼玉県,川口・あんぎょう,川口市,https://www.ktr.mlit.go.jp/road/chiiki/road_chiiki00000202.html
埼玉県,大滝温泉,秩父市,https://www.ktr.mlit.go.jp/road/chiiki/road_chiiki00000203.html
埼玉県,おかべ,深谷市,https://www.ktr.mlit.go.jp/road/chiiki/road_chiiki00000204.html
埼玉県,龍勢会館,秩父市,https://www.ktr.mlit.go.jp/road/chiiki/road_chiiki00000205.html
埼玉県,童謡のふる里おおとね,加須市,https://www.ktr.mlit.go.jp/road/chiiki/road_chiiki00000206.html
埼玉県,はなぞの,深谷市,https://www.ktr.mlit.go.jp/road/chiiki/road_chiiki00000207.html
埼玉県,両神温泉薬師の湯,秩父郡小鹿野町,https://www.ktr.mlit.go.jp/road/chiiki/road_chiiki00000208.html
埼玉県,かわもと,深谷市,https://www.ktr.mlit.go.jp/road/chiiki/road_chiiki00000209.html
埼玉県,めぬま,熊谷市,https://www.ktr.mlit.go.jp/road/chiiki/road_chiiki00000210.html
埼玉県,ちちぶ,秩父市,https://www.ktr.mlit.go.jp/road/chiiki/road_chiiki00000211.html
埼玉県,アグリパークゆめすぎと,北葛飾郡杉戸町,https://www.ktr.mlit.go.jp/road/chiiki/road_chiiki00000212.html
埼玉県,果樹公園あしがくぼ,秩父郡横瀬町,https://www.ktr.mlit.go.jp/road/chiiki/road_chiiki00000213.html
埼玉県,いちごの里　よしみ,比企郡吉見町,https://www.ktr.mlit.go.jp/road/chiiki/road_chiiki00000214.html
埼玉県,かぞわたらせ,加須市,https://www.ktr.mlit.go.jp/road/chiiki/road_chiiki00000215.html
埼玉県,庄和,春日部市,https://www.ktr.mlit.go.jp/road/chiiki/road_chiiki00000216.html
埼玉県,はにゅう,羽生市,https://www.ktr.mlit.go.jp/road/chiiki/road_chiiki00000217.html
埼玉県,みなの,秩父郡皆野町,https://www.ktr.mlit.go.jp/road/chiiki/road_chiiki00000218.html
埼玉県,和紙の里ひがしちちぶ,秩父郡東秩父村,https://www.ktr.mlit.go.jp/road/chiiki/road_chiiki00000219.html
埼玉県,べに花の郷おけがわ,桶川市,
千葉県,とみうら,南房総市,https://www.ktr.mlit.go.jp/road/chiiki/road_chiiki00000220.html
千葉県,三芳村,南房総市,https://www.ktr.mlit.go.jp/road/chiiki/road_chiiki00000221.html
千葉県,やちよ,八千代市,https://www.ktr.mlit.go.jp/road/chiiki/road_chiiki00000222.html
千葉県,きょなん,安房郡鋸南町,https://www.ktr.mlit.go.jp/road/chiiki/road_chiiki00000223.html
千葉県,鴨川オーシャンパーク,鴨川市,https://www.ktr.mlit.go.jp/road/chiiki/road_chiiki00000224.html
千葉県,ローズマリー公園,南房総市,https://www.ktr.mlit.go.jp/road/chiiki/road_chiiki00000225.html
千葉県,ふれあいパーク・きみつ,君津市,https://www.ktr.mlit.go.jp/road/chiiki/road_chiiki00000226.html
千葉県,しょうなん,柏市,https://www.ktr.mlit.go.jp/road/chiiki/road_chiiki00000227.html
千葉県,たけゆらの里おおたき,夷隅郡大多喜町,https://www.ktr.mlit.go.jp/road/chiiki/road_chiiki00000228.html
千葉県,多古,香取郡多古町,https://www.ktr.mlit.go.jp/road/chiiki/road_chiiki00000229.html
千葉県,あずの里いちはら,市原市,https://www.ktr.mlit.go.jp/road/chiiki/road_chiiki00000230.html
千葉県,くりもと,香取市,https://www.ktr.mlit.go.jp/road/chiiki/road_chiiki00000231.html
千葉県,ちくら・潮風王国,南房総市,https://www.ktr.mlit.go.jp/road/chiiki/road_chiiki00000232.html
千葉県,富楽里とみやま,南房総市,https://www.ktr.mlit.go.jp/road/chiiki/road_chiiki00000233.html
千葉県,おおつの里,南房総市,https://www.ktr.mlit.go.jp/road/chiiki/road_chiiki00000234.html
千葉県,オライはすぬま,山武市,https://www.ktr.mlit.go.jp/road/chiiki/road_chiiki00000235.html
千葉県,ながら,長生郡長柄町,https://www.ktr.mlit.go.jp/road/chiiki/road_chiiki00000236.html
千葉県,むつざわスマートウェルネスタウン・道の駅・つどいの郷,長生郡睦沢町,https://www.ktr.mlit.go.jp/road/chiiki/road_chiiki00000342.html
千葉県,白浜野島崎,南房総市,https://www.ktr.mlit.go.jp/road/chiiki/road_chiiki00000238.html
千葉県,水の郷さわら,香取市,https://www.ktr.mlit.go.jp/road/chiiki/road_chiiki00000240.html
千葉県,風和里しばやま,山武郡芝山町,https://www.ktr.mlit.go.jp/road/chiiki/road_chiiki00000241.html
千葉県,和田浦　WA・O！,南房総市,https://www.ktr.mlit.go.jp/road/chiiki/road_chiiki00000242.html
千葉県,発酵の里こうざき,香取郡神崎町,https://www.ktr.mlit.go.jp/road/chiiki/road_chiiki00000243.html
千葉県,季楽里あさひ,旭市,https://www.ktr.mlit.go.jp/road/chiiki/road_chiiki00000244.html
千葉県,保田小学校,安房郡鋸南町,https://www.ktr.mlit.go.jp/road/chiiki/road_chiiki00000245.html
千葉県,みのりの郷東金,東金市,https://www.ktr.mlit.go.jp/road/chiiki/road_chiiki00000246.html
千葉県,木更津 うまくたの里,木更津市,https://www.ktr.mlit.go.jp/road/chiiki/road_chiiki00000247.html
千葉県,いちかわ,市川市,http://www.ktr.mlit.go.jp/road/chiiki/road_chiiki00000248.html
千葉県,グリーンファーム館山,館山市,https://www.ktr.mlit.go.jp/road/chiiki/road_chiiki00000361.html
東京都,八王子滝山,八王子市,https://www.ktr.mlit.go.jp/road/chiiki/road_chiiki00000249.html
神奈川県,箱根峠,足柄下郡箱根町,https://www.ktr.mlit.go.jp/road/chiiki/road_chiiki00000140.html
神奈川県,山北,足柄上郡山北町,https://www.ktr.mlit.go.jp/road/chiiki/road_chiiki00000144.html
神奈川県,清川,愛甲郡清川村,https://www.ktr.mlit.go.jp/road/chiiki/road_chiiki00000146.html
神奈川県,足柄・金太郎のふるさと,南足柄市,https://www.ktr.mlit.go.jp/road/chiiki/road_chiiki00000237.html
神奈川県,湘南ちがさき,茅ヶ崎市,
新潟県,豊栄,新潟市,https://www.hokuriku-michinoeki.jp/contents/station/?sta=000001
新潟県,加治川,新発田市,https://www.hokuriku-michinoeki.jp/contents/station/?sta=000002
新潟県,神林,村上市,https://www.hokuriku-michinoeki.jp/contents/station/?sta=000003
新潟県,朝日,村上市,https://www.hokuriku-michinoeki.jp/contents/station/?sta=000004
新潟県,新潟ふるさと村,新潟市,https://www.hokuriku-michinoeki.jp/contents/station/?sta=000005
新潟県,能生,糸魚川市,https://www.hokuriku-michinoeki.jp/contents/station/?sta=000006
新潟県,みかわ,東蒲原郡阿賀町,https://www.hokuriku-michinoeki.jp/contents/station/?sta=000007
新潟県,関川,岩船郡関川村,https://www.hokuriku-michinoeki.jp/contents/station/?sta=000008
新潟県,ちぢみの里おぢや,小千谷市,https://www.hokuriku-michinoeki.jp/contents/station/?sta=000009
新潟県,阿賀の里,東蒲原郡阿賀町,https://www.hokuriku-michinoeki.jp/contents/station/?sta=000010
新潟県,笹川流れ,村上市,https://www.hokuriku-michinoeki.jp/contents/station/?sta=000011
新潟県,越後出雲崎　天領の里,三島郡出雲崎町,https://www.hokuriku-michinoeki.jp/contents/station/?sta=000012
新潟県,胎内,胎内市,https://www.hokuriku-michinoeki.jp/contents/station/?sta=000013
新潟県,ゆのたに,魚沼市,https://www.hokuriku-michinoeki.jp/contents/station/?sta=000014
新潟県,良寛の里　わしま,長岡市,https://www.hokuriku-michinoeki.jp/contents/station/?sta=000015
新潟県,まつだいふるさと会館,十日町市,https://www.hokuriku-michinoeki.jp/contents/station/?sta=000016
新潟県,越後市振の関,糸魚川市,https://www.hokuriku-michinoeki.jp/contents/station/?sta=000017
新潟県,クロス１０十日町,十日町市,https://www.hokuriku-michinoeki.jp/contents/station/?sta=000018
新潟県,漢学の里しただ,三条市,https://www.hokuriku-michinoeki.jp/contents/station/?sta=000019
新潟県,風の丘米山,柏崎市,https://www.hokuriku-michinoeki.jp/contents/station/?sta=000020
新潟県,いりひろせ,魚沼市,https://www.hokuriku-michinoeki.jp/contents/station/?sta=000021
新潟県,西山ふるさと公苑,柏崎市,https://www.hokuriku-michinoeki.jp/contents/station/?sta=000022
新潟県,あらい,妙高市,https://www.hokuriku-michinoeki.jp/contents/station/?sta=000023
新潟県,Ｒ２９０とちお,長岡市,https://www.hokuriku-michinoeki.jp/contents/station/?sta=000024
新潟県,あいぽーと佐渡,佐渡市,https://www.hokuriku-michinoeki.jp/contents/station/?sta=000025
新潟県,親不知ピアパーク,糸魚川市,https://www.hokuriku-michinoeki.jp/contents/station/?sta=000026
新潟県,瀬替えの郷せんだ,十日町市,https://www.hokuriku-michinoeki.jp/contents/station/?sta=000027
新潟県,雪のふるさと　やすづか,上越市,https://www.hokuriku-michinoeki.jp/contents/station/?sta=000028
新潟県,じょんのびの里高柳,柏崎市,https://www.hokuriku-michinoeki.jp/contents/station/?sta=000029
新潟県,花夢里にいつ,新潟市,https://www.hokuriku-michinoeki.jp/contents/station/?sta=000030
新潟県,国上,燕市,https://www.hokuriku-michinoeki.jp/contents/station/?sta=000031
新潟県,越後川口,長岡市,https://www.hokuriku-michinoeki.jp/contents/station/?sta=000032
新潟県,よしかわ杜氏の郷,上越市,https://www.hokuriku-michinoeki.jp/contents/station/?sta=000033
新潟県,うみてらす名立,上越市,https://www.hokuriku-michinoeki.jp/contents/station/?sta=000034
新潟県,南魚沼,南魚沼市,https://www.hokuriku-michinoeki.jp/contents/station/?sta=000035
新潟県,パティオにいがた,見附市,https://www.hokuriku-michinoeki.jp/contents/station/?sta=000036
新潟県,みつまた,南魚沼郡湯沢町,https://www.hokuriku-michinoeki.jp/contents/station/?sta=000037
新潟県,燕三条地場産センター,三条市,https://www.hokuriku-michinoeki.jp/contents/station/?sta=000038
新潟県,庭園の郷 保内,三条市,https://www.hokuriku-michinoeki.jp/contents/station/?sta=000077
新潟県,たがみ,南蒲原郡田上町,https://www.hokuriku-michinoeki.jp/contents/station/?sta=000081
新潟県,ながおか花火館,長岡市,https://www.hokuriku-michinoeki.jp/contents/station/?sta=000082
新潟県,あがの,阿賀野市,https://www.hokuriku-michinoeki.jp/contents/station/?sta=000084
富山県,細入,富山市,https://www.hokuriku-michinoeki.jp/contents/station/?sta=000039
富山県,砺波,砺波市,https://www.hokuriku-michinoeki.jp/contents/station/?sta=000040
富山県,上平,南砺市,https://www.hokuriku-michinoeki.jp/contents/station/?sta=000041
富山県,利賀,南砺市,https://www.hokuriku-michinoeki.jp/contents/station/?sta=000042
富山県,井波,南砺市,https://www.hokuriku-michinoeki.jp/contents/station/?sta=000043
富山県,福光,南砺市,https://www.hokuriku-michinoeki.jp/contents/station/?sta=000044
富山県,たいら,南砺市,https://www.hokuriku-michinoeki.jp/contents/station/?sta=000045
富山県,庄川,砺波市,https://www.hokuriku-michinoeki.jp/contents/station/?sta=000046
富山県,うなづき,黒部市,https://www.hokuriku-michinoeki.jp/contents/station/?sta=000047
富山県,まるごと射水,射水市,https://www.hokuriku-michinoeki.jp/contents/station/?sta=000048
富山県,ウェーブパークなめりかわ,滑川市,https://www.hokuriku-michinoeki.jp/contents/station/?sta=000049
富山県,氷見,氷見市,https://www.hokuriku-michinoeki.jp/contents/station/?sta=000050
富山県,万葉の里　高岡,高岡市,https://www.hokuriku-michinoeki.jp/contents/station/?sta=000051
富山県,メルヘンおやべ,小矢部市,https://www.hokuriku-michinoeki.jp/contents/station/?sta=000052
富山県,雨晴,高岡市,https://www.hokuriku-michinoeki.jp/contents/station/?sta=000079
富山県,KOKOくろべ,黒部市,https://www.hokuriku-michinoeki.jp/contents/station/?sta=000083
石川県,千枚田ポケットパーク,輪島市,https://www.hokuriku-michinoeki.jp/contents/station/?sta=000053
石川県,高松,かほく市,https://www.hokuriku-michinoeki.jp/contents/station/?sta=000054
石川県,いおり,七尾市,https://www.hokuriku-michinoeki.jp/contents/station/?sta=000055
石川県,桜峠,鳳珠郡能登町,https://www.hokuriku-michinoeki.jp/contents/station/?sta=000056
石川県,しらやまさん,能美市,https://www.hokuriku-michinoeki.jp/contents/station/?sta=000057
石川県,なかじまロマン峠,七尾市,https://www.hokuriku-michinoeki.jp/contents/station/?sta=000058
石川県,赤神,輪島市,https://www.hokuriku-michinoeki.jp/contents/station/?sta=000059
石川県,とぎ海街道,羽咋郡志賀町,https://www.hokuriku-michinoeki.jp/contents/station/?sta=000060
石川県,輪島,輪島市,https://www.hokuriku-michinoeki.jp/contents/station/?sta=000061
石川県,ころ柿の里しか,羽咋郡志賀町,https://www.hokuriku-michinoeki.jp/contents/station/?sta=000062
石川県,瀬女,白山市,https://www.hokuriku-michinoeki.jp/contents/station/?sta=000063
石川県,一向一揆の里,白山市,https://www.hokuriku-michinoeki.jp/contents/station/?sta=000064
石川県,のと里山空港,輪島市,https://www.hokuriku-michinoeki.jp/contents/station/?sta=000065
石川県,倶利伽羅　源平の郷,河北郡津幡町,https://www.hokuriku-michinoeki.jp/contents/station/?sta=000066
石川県,山中温泉　ゆけむり健康村,加賀市,https://www.hokuriku-michinoeki.jp/contents/station/?sta=000067
石川県,のとじま,七尾市,https://www.hokuriku-michinoeki.jp/contents/station/?sta=000068
石川県,すず塩田村,珠洲市,https://www.hokuriku-michinoeki.jp/contents/station/?sta=000069
石川県,内灘サンセットパーク,河北郡内灘町,https://www.hokuriku-michinoeki.jp/contents/station/?sta=000070
石川県,能登食祭市場,七尾市,https://www.hokuriku-michinoeki.jp/contents/station/?sta=000071
石川県,こまつ木場潟,小松市,https://www.hokuriku-michinoeki.jp/contents/station/?sta=000072
石川県,狼煙,珠洲市,https://www.hokuriku-michinoeki.jp/contents/station/?sta=000073
石川県,すずなり,珠洲市,https://www.hokuriku-michinoeki.jp/contents/station/?sta=000074
石川県,織姫の里なかのと,鹿島郡中能登町,https://www.hokuriku-michinoeki.jp/contents/station/?sta=000075
石川県,あなみず,鳳珠郡穴水町,https://www.hokuriku-michinoeki.jp/contents/station/?sta=000076
石川県,のと千里浜,羽咋市,https://www.hokuriku-michinoeki.jp/contents/station/?sta=000078
石川県,めぐみ白山,白山市,https://www.hokuriku-michinoeki.jp/contents/station/?sta=000080
福井県,河野,南条郡南越前町,https://www.kkr.mlit.go.jp/road/michi_no_eki/contents/fukui/kouno.html
福井県,九頭竜,大野市,https://www.kkr.mlit.go.jp/road/michi_no_eki/contents/fukui/kuzuryu.html
福井県,パークイン丹生ヶ丘,丹生郡越前町,https://www.kkr.mlit.go.jp/road/michi_no_eki/contents/fukui/parkinnyugaoka.html
福井県,名田庄,大飯郡おおい町,https://www.kkr.mlit.go.jp/road/michi_no_eki/contents/fukui/natasyou.html
福井県,みくに,坂井市,https://www.kkr.mlit.go.jp/road/michi_no_eki/contents/fukui/mikuni.html
福井県,若狭熊川宿,三方上中郡若狭町,https://www.kkr.mlit.go.jp/road/michi_no_eki/contents/fukui/wakasakumakawasyuku.html
福井県,さかい,坂井市,https://www.kkr.mlit.go.jp/road/michi_no_eki/contents/fukui/sakai.html
福井県,シーサイド高浜,大飯郡高浜町,https://www.kkr.mlit.go.jp/road/michi_no_eki/contents/fukui/seasidetakahama.html
福井県,若狭おばま,小浜市,https://www.kkr.mlit.go.jp/road/michi_no_eki/contents/fukui/wakasaobama.html
福井県,うみんぴあ大飯,大飯郡おおい町,https://www.kkr.mlit.go.jp/road/michi_no_eki/contents/fukui/uminpiaooi.html
福井県,西山公園,鯖江市,https://www.kkr.mlit.go.jp/road/michi_no_eki/contents/fukui/nisiyamakouen.html
福井県,越前,丹生郡越前町,https://www.kkr.mlit.go.jp/road/michi_no_eki/contents/fukui/echizen.html
福井県,三方五湖,三方上中郡若狭町,https://www.kkr.mlit.go.jp/road/michi_no_eki/contents/fukui/mikatagoko.html
福井県,一乗谷あさくら水の駅,福井市,https://www.kkr.mlit.go.jp/road/michi_no_eki/contents/fukui/ichijoudaniasakura.html
福井県,禅の里,吉田郡永平寺町,https://www.kkr.mlit.go.jp/road/michi_no_eki/contents/fukui/zennosato.html
福井県,恐竜渓谷かつやま,勝山市,https://www.kkr.mlit.go.jp/road/michi_no_eki/contents/fukui/kyouryukeikokukatsuyama.html
福井県,越前おおの荒島の郷,大野市,https://www.kkr.mlit.go.jp/road/michi_no_eki/contents/fukui/echizenonoarashimanosato.html
福井県,南えちぜん山海里,南条郡南越前町,https://www.kkr.mlit.go.jp/road/michi_no_eki/contents/fukui/minamiechizensankairi.html
福井県,越前たけふ,越前市,
福井県,蓮如の里あわら,あわら市,
福井県,若狭美浜はまびより,三方郡美浜町,
山梨県,とみざわ,南巨摩郡南部町,https://www.ktr.mlit.go.jp/road/chiiki/road_chiiki00000250.html
山梨県,甲斐大和,甲州市,https://www.ktr.mlit.go.jp/road/chiiki/road_chiiki00000251.html
山梨県,なるさわ,南都留郡鳴沢村,https://www.ktr.mlit.go.jp/road/chiiki/road_chiiki00000252.html
山梨県,みとみ,山梨市,https://www.ktr.mlit.go.jp/road/chiiki/road_chiiki00000253.html
山梨県,しもべ,南巨摩郡身延町,https://www.ktr.mlit.go.jp/road/chiiki/road_chiiki00000254.html
山梨県,とよとみ,中央市,https://www.ktr.mlit.go.jp/road/chiiki/road_chiiki00000255.html
山梨県,にらさき,韮崎市,https://www.ktr.mlit.go.jp/road/chiiki/road_chiiki00000256.html
山梨県,どうし,南都留郡道志村,https://www.ktr.mlit.go.jp/road/chiiki/road_chiiki00000257.html
山梨県,かつやま,南都留郡富士河口湖町,https://www.ktr.mlit.go.jp/road/chiiki/road_chiiki00000258.html
山梨県,花かげの郷まきおか,山梨市,https://www.ktr.mlit.go.jp/road/chiiki/road_chiiki00000259.html
山梨県,はくしゅう,北杜市,https://www.ktr.mlit.go.jp/road/chiiki/road_chiiki00000260.html
山梨県,富士吉田,富士吉田市,https://www.ktr.mlit.go.jp/road/chiiki/road_chiiki00000261.html
山梨県,南きよさと,北杜市,https://www.ktr.mlit.go.jp/road/chiiki/road_chiiki00000262.html
山梨県,しらね,南アルプス市,https://www.ktr.mlit.go.jp/road/chiiki/road_chiiki00000263.html
山梨県,こぶちさわ,北杜市,https://www.ktr.mlit.go.jp/road/chiiki/road_chiiki00000264.html
山梨県,みのぶ,南巨摩郡身延町,https://www.ktr.mlit.go.jp/road/chiiki/road_chiiki00000265.html
山梨県,たばやま,北都留郡丹波山村,https://www.ktr.mlit.go.jp/road/chiiki/road_chiiki00000266.html
山梨県,富士川,南巨摩郡富士川町,https://www.ktr.mlit.go.jp/road/chiiki/road_chiiki00000267.html
山梨県,こすげ,北都留郡小菅村,https://www.ktr.mlit.go.jp/road/chiiki/road_chiiki00000268.html
山梨県,つる,都留市,https://www.ktr.mlit.go.jp/road/chiiki/road_chiiki00000269.html
山梨県,なんぶ,南巨摩郡南部町,http://www.ktr.mlit.go.jp/road/chiiki/road_chiiki00000270.html
山梨県,にしじま和紙の里かみすきパーク,南巨摩郡身延町,
長野県,信州新町,長野市,https://www.ktr.mlit.go.jp/road/chiiki/road_chiiki00000271.html
長野県,長野市大岡特産センター,長野市,https://www.ktr.mlit.go.jp/road/chiiki/road_chiiki00000272.html
長野県,信越さかえ,下水内郡栄村,https://www.ktr.mlit.go.jp/road/chiiki/road_chiiki00000273.html
長野県,小坂田公園,塩尻市,https://www.ktr.mlit.go.jp/road/chiiki/road_chiiki00000274.html
長野県,池田,北安曇郡池田町,https://www.ktr.mlit.go.jp/road/chiiki/road_chiiki00000275.html
長野県,中条,長野市,https://www.ktr.mlit.go.jp/road/chiiki/road_chiiki00000276.html
長野県,みまき,東御市,https://www.ktr.mlit.go.jp/road/chiiki/road_chiiki00000277.html
長野県,白馬,北安曇郡白馬村,https://www.ktr.mlit.go.jp/road/chiiki/road_chiiki00000278.html
長野県,ふるさと豊田,中野市,https://www.ktr.mlit.go.jp/road/chiiki/road_chiiki00000279.html
長野県,マルメロの駅ながと,小県郡長和町,https://www.ktr.mlit.go.jp/road/chiiki/road_chiiki00000280.html
長野県,ほっとぱ～く・浅科,佐久市,https://www.ktr.mlit.go.jp/road/chiiki/road_chiiki00000281.html
長野県,アルプス安曇野　ほりがねの里,安曇野市,https://www.ktr.mlit.go.jp/road/chiiki/road_chiiki00000282.html
長野県,安曇野松川,北安曇郡松川村,https://www.ktr.mlit.go.jp/road/chiiki/road_chiiki00000283.html
長野県,風穴の里,松本市,https://www.ktr.mlit.go.jp/road/chiiki/road_chiiki00000284.html
長野県,北信州やまのうち,下高井郡山ノ内町,https://www.ktr.mlit.go.jp/road/chiiki/road_chiiki00000285.html
長野県,上田　道と川の駅,上田市,https://www.ktr.mlit.go.jp/road/chiiki/road_chiiki00000286.html
長野県,信州蔦木宿,諏訪郡富士見町,https://www.ktr.mlit.go.jp/road/chiiki/road_chiiki00000287.html
長野県,しなの,上水内郡信濃町,https://www.ktr.mlit.go.jp/road/chiiki/road_chiiki00000288.html
長野県,小谷,北安曇郡小谷村,https://www.ktr.mlit.go.jp/road/chiiki/road_chiiki00000289.html
長野県,さかきた,東筑摩郡筑北村,https://www.ktr.mlit.go.jp/road/chiiki/road_chiiki00000290.html
長野県,ぽかぽかランド美麻,大町市,https://www.ktr.mlit.go.jp/road/chiiki/road_chiiki00000291.html
長野県,オアシスおぶせ,上高井郡小布施町,https://www.ktr.mlit.go.jp/road/chiiki/road_chiiki00000292.html
長野県,雷電くるみの里,東御市,https://www.ktr.mlit.go.jp/road/chiiki/road_chiiki00000293.html
長野県,花の駅　千曲川,飯山市,https://www.ktr.mlit.go.jp/road/chiiki/road_chiiki00000294.html
長野県,あおき,小県郡青木村,https://www.ktr.mlit.go.jp/road/chiiki/road_chiiki00000295.html
長野県,おがわ,上水内郡小川村,https://www.ktr.mlit.go.jp/road/chiiki/road_chiiki00000296.html
長野県,美ヶ原高原,上田市,https://www.ktr.mlit.go.jp/road/chiiki/road_chiiki00000297.html
長野県,今井　恵みの里,松本市,https://www.ktr.mlit.go.jp/road/chiiki/road_chiiki00000298.html
長野県,FARMUS 木島平,下高井郡木島平村,https://www.ktr.mlit.go.jp/road/chiiki/road_chiiki00000299.html
長野県,ヘルシーテラス佐久南,佐久市,https://www.ktr.mlit.go.jp/road/chiiki/road_chiiki00000300.html
長野県,女神の里たてしな,北佐久郡立科町,https://www.ktr.mlit.go.jp/road/chiiki/road_chiiki00000301.html
長野県,いくさかの郷,東筑摩郡生坂村,https://www.ktr.mlit.go.jp/road/chiiki/road_chiiki00000336.html
長野県,野沢温泉,下高井郡野沢温泉村,https://www.ktr.mlit.go.jp/road/chiiki/road_chiiki00000340.html
長野県,ビーナスライン蓼科湖,茅野市,https://www.ktr.mlit.go.jp/road/chiiki/road_chiiki00000352.html
長野県,和田宿ステーション,小県郡長和町,https://www.ktr.mlit.go.jp/road/chiiki/road_chiiki00000358.html
長野県,日義木曽駒高原,木曽郡木曽町,https://www.cbr.mlit.go.jp/michinoeki/nagano/nagano01.html
長野県,大桑,木曽郡大桑村,https://www.cbr.mlit.go.jp/michinoeki/nagano/nagano02.html
長野県,奈良井木曽の大橋,塩尻市,https://www.cbr.mlit.go.jp/michinoeki/nagano/nagano03.html
長野県,信州平谷,下伊那郡平谷村,https://www.cbr.mlit.go.jp/michinoeki/nagano/nagano04.html
長野県,信濃路下條,下伊那郡下條村,https://www.cbr.mlit.go.jp/michinoeki/nagano/nagano05.html
長野県,南アルプスむら長谷,伊那市,https://www.cbr.mlit.go.jp/michinoeki/nagano/nagano06.html
長野県,木曽ならかわ,塩尻市,https://www.cbr.mlit.go.jp/michinoeki/nagano/nagano07.html
長野県,三岳,木曽郡木曽町,https://www.cbr.mlit.go.jp/michinoeki/nagano/nagano08.html
長野県,信州新野千石平,下伊那郡阿南町,https://www.cbr.mlit.go.jp/michinoeki/nagano/nagano09.html
長野県,花の里いいじま,上伊那郡飯島町,https://www.cbr.mlit.go.jp/michinoeki/nagano/nagano10.html
長野県,遠山郷,飯田市,https://www.cbr.mlit.go.jp/michinoeki/nagano/nagano11.html
長野県,木曽福島,木曽郡木曽町,https://www.cbr.mlit.go.jp/michinoeki/nagano/nagano12.html
長野県,木曽川源流の里　きそむら,木曽郡木祖村,https://www.cbr.mlit.go.jp/michinoeki/nagano/nagano13.html
長野県,田切の里,上伊那郡飯島町,https://www.cbr.mlit.go.jp/michinoeki/nagano/nagano14.html
長野県,南信州とよおかマルシェ,下伊那郡豊丘村,https://www.cbr.mlit.go.jp/michinoeki/nagano/nagano15.html
長野県,大芝高原,上伊那郡南箕輪村,https://www.cbr.mlit.go.jp/michinoeki/nagano/nagano16.html
長野県,南信州　うるぎ,下伊那郡売木村,https://www.cbr.mlit.go.jp/michinoeki/nagano/nagano17.html
長野県,歌舞伎の里大鹿,下伊那郡大鹿村,https://www.cbr.mlit.go.jp/michinoeki/nagano/nagano18.html
長野県,八千穂高原,南佐久郡佐久穂町,
岐阜県,美並,郡上市,https://www.cbr.mlit.go.jp/michinoeki/gifu/gifu01.html
岐阜県,パスカル清見,高山市,https://www.cbr.mlit.go.jp/michinoeki/gifu/gifu02.html
岐阜県,明宝,郡上市,https://www.cbr.mlit.go.jp/michinoeki/gifu/gifu03.html
岐阜県,花街道付知,中津川市,https://www.cbr.mlit.go.jp/michinoeki/gifu/gifu04.html
岐阜県,美濃白川,加茂郡白川町,https://www.cbr.mlit.go.jp/michinoeki/gifu/gifu05.html
岐阜県,ラステンほらど,関市,https://www.cbr.mlit.go.jp/michinoeki/gifu/gifu06.html
岐阜県,白山文化の里長滝,郡上市,https://www.cbr.mlit.go.jp/michinoeki/gifu/gifu07.html
岐阜県,奥飛騨温泉郷上宝,高山市,https://www.cbr.mlit.go.jp/michinoeki/gifu/gifu08.html
岐阜県,賤母,中津川市,https://www.cbr.mlit.go.jp/michinoeki/gifu/gifu09.html
岐阜県,ロック・ガーデン　ひちそう,加茂郡七宗町,https://www.cbr.mlit.go.jp/michinoeki/gifu/gifu10.html
岐阜県,星のふる里　ふじはし,揖斐郡揖斐川町,https://www.cbr.mlit.go.jp/michinoeki/gifu/gifu11.html
岐阜県,白川郷,大野郡白川村,https://www.cbr.mlit.go.jp/michinoeki/gifu/gifu12.html
岐阜県,平成,関市,https://www.cbr.mlit.go.jp/michinoeki/gifu/gifu13.html
岐阜県,アルプ飛騨古川,飛騨市,https://www.cbr.mlit.go.jp/michinoeki/gifu/gifu14.html
岐阜県,飛騨金山ぬく森の里温泉,下呂市,https://www.cbr.mlit.go.jp/michinoeki/gifu/gifu15.html
岐阜県,上矢作ラ・フォーレ福寿の里,恵那市,https://www.cbr.mlit.go.jp/michinoeki/gifu/gifu16.html
岐阜県,モンデウス飛騨位山,高山市,https://www.cbr.mlit.go.jp/michinoeki/gifu/gifu17.html
岐阜県,南飛騨小坂,下呂市,https://www.cbr.mlit.go.jp/michinoeki/gifu/gifu18.html
岐阜県,夢さんさん谷汲,揖斐郡揖斐川町,https://www.cbr.mlit.go.jp/michinoeki/gifu/gifu19.html
岐阜県,土岐美濃焼街道,土岐市,https://www.cbr.mlit.go.jp/michinoeki/gifu/gifu20.html
岐阜県,富有柿の里いとぬき,本巣市,https://www.cbr.mlit.go.jp/michinoeki/gifu/gifu21.html
岐阜県,ななもり清見,高山市,https://www.cbr.mlit.go.jp/michinoeki/gifu/gifu22.html
岐阜県,きりら坂下,中津川市,https://www.cbr.mlit.go.jp/michinoeki/gifu/gifu23.html
岐阜県,クレール平田,海津市,https://www.cbr.mlit.go.jp/michinoeki/gifu/gifu24.html
岐阜県,馬瀬　美輝の里,下呂市,https://www.cbr.mlit.go.jp/michinoeki/gifu/gifu25.html
岐阜県,飛騨街道　なぎさ,高山市,https://www.cbr.mlit.go.jp/michinoeki/gifu/gifu26.html
岐阜県,ひだ朝日村,高山市,https://www.cbr.mlit.go.jp/michinoeki/gifu/gifu27.html
岐阜県,そばの郷　らっせぃみさと,恵那市,https://www.cbr.mlit.go.jp/michinoeki/gifu/gifu28.html
岐阜県,織部の里・もとす,本巣市,https://www.cbr.mlit.go.jp/michinoeki/gifu/gifu29.html
岐阜県,飛騨たかね工房,高山市,https://www.cbr.mlit.go.jp/michinoeki/gifu/gifu30.html
岐阜県,大日岳,郡上市,https://www.cbr.mlit.go.jp/michinoeki/gifu/gifu31.html
岐阜県,桜の郷　荘川,高山市,https://www.cbr.mlit.go.jp/michinoeki/gifu/gifu32.html
岐阜県,むげ川,関市,https://www.cbr.mlit.go.jp/michinoeki/gifu/gifu33.html
岐阜県,古今伝授の里やまと,郡上市,https://www.cbr.mlit.go.jp/michinoeki/gifu/gifu34.html
岐阜県,みのかも,美濃加茂市,https://www.cbr.mlit.go.jp/michinoeki/gifu/gifu35.html
岐阜県,茶の里東白川,加茂郡東白川村,https://www.cbr.mlit.go.jp/michinoeki/gifu/gifu36.html
岐阜県,和良,郡上市,https://www.cbr.mlit.go.jp/michinoeki/gifu/gifu37.html
岐阜県,うすずみ桜の里・ねお,本巣市,https://www.cbr.mlit.go.jp/michinoeki/gifu/gifu38.html
岐阜県,志野・織部,土岐市,https://www.cbr.mlit.go.jp/michinoeki/gifu/gifu39.html
岐阜県,加子母,中津川市,https://www.cbr.mlit.go.jp/michinoeki/gifu/gifu40.html
岐阜県,夜叉ヶ池の里さかうち,揖斐郡揖斐川町,https://www.cbr.mlit.go.jp/michinoeki/gifu/gifu41.html
岐阜県,おばあちゃん市・山岡,恵那市,https://www.cbr.mlit.go.jp/michinoeki/gifu/gifu42.html
岐阜県,月見の里　南濃,海津市,https://www.cbr.mlit.go.jp/michinoeki/gifu/gifu44.html
岐阜県,柳津,岐阜市,https://www.cbr.mlit.go.jp/michinoeki/gifu/gifu45.html
岐阜県,五木のやかた・かわうえ,中津川市,https://www.cbr.mlit.go.jp/michinoeki/gifu/gifu46.html
岐阜県,宙ドーム・神岡,飛騨市,https://www.cbr.mlit.go.jp/michinoeki/gifu/gifu47.html
岐阜県,白尾ふれあいパーク,郡上市,https://www.cbr.mlit.go.jp/michinoeki/gifu/gifu48.html
岐阜県,美濃にわか茶屋,美濃市,https://www.cbr.mlit.go.jp/michinoeki/gifu/gifu49.html
岐阜県,飛騨白山,大野郡白川村,https://www.cbr.mlit.go.jp/michinoeki/gifu/gifu50.html
岐阜県,半布里の郷　とみか,加茂郡富加町,https://www.cbr.mlit.go.jp/michinoeki/gifu/gifu51.html
岐阜県,可児ッテ「ＣＡＮＩＴＴＥ」,可児市,https://www.cbr.mlit.go.jp/michinoeki/gifu/gifu52.html
岐阜県,池田温泉,揖斐郡池田町,https://www.cbr.mlit.go.jp/michinoeki/gifu/gifu53.html
岐阜県,清流白川　クオーレの里,加茂郡白川町,https://www.cbr.mlit.go.jp/michinoeki/gifu/gifu54.html
岐阜県,清流の里しろとり,郡上市,https://www.cbr.mlit.go.jp/michinoeki/gifu/gifu55.html
岐阜県,パレットピアおおの,揖斐郡大野町,https://www.cbr.mlit.go.jp/michinoeki/gifu/gifu56.html
静岡県,富士,富士市,https://www.cbr.mlit.go.jp/michinoeki/shizuoka/shizuoka01.html
静岡県,くんま水車の里,浜松市,https://www.cbr.mlit.go.jp/michinoeki/shizuoka/shizuoka02.html
静岡県,花の三聖苑伊豆松崎,賀茂郡松崎町,https://www.cbr.mlit.go.jp/michinoeki/shizuoka/shizuoka03.html
静岡県,宇津ノ谷峠,静岡市・藤枝市,"静岡側 ： https://www.cbr.mlit.go.jp/michinoeki/shizuoka/shizuoka04_1.html, 藤枝側 ： https://www.cbr.mlit.go.jp/michinoeki/shizuoka/shizuoka04_2.html"
静岡県,いっぷく処横川,浜松市,https://www.cbr.mlit.go.jp/michinoeki/shizuoka/shizuoka05.html
静岡県,フォーレなかかわね茶茗舘,榛原郡川根本町,https://www.cbr.mlit.go.jp/michinoeki/shizuoka/shizuoka06.html
静岡県,天城越え,伊豆市,https://www.cbr.mlit.go.jp/michinoeki/shizuoka/shizuoka07.html
静岡県,奥大井音戯の郷,榛原郡川根本町,https://www.cbr.mlit.go.jp/michinoeki/shizuoka/shizuoka08.html
静岡県,朝霧高原,富士宮市,https://www.cbr.mlit.go.jp/michinoeki/shizuoka/shizuoka09.html
静岡県,川根温泉,島田市,https://www.cbr.mlit.go.jp/michinoeki/shizuoka/shizuoka10.html
静岡県,富士川楽座,富士市,https://www.cbr.mlit.go.jp/michinoeki/shizuoka/shizuoka11.html
静岡県,玉露の里,藤枝市,https://www.cbr.mlit.go.jp/michinoeki/shizuoka/shizuoka12.html
静岡県,天竜相津　花桃の里,浜松市,https://www.cbr.mlit.go.jp/michinoeki/shizuoka/shizuoka13.html
静岡県,伊東マリンタウン,伊東市,https://www.cbr.mlit.go.jp/michinoeki/shizuoka/shizuoka14.html
静岡県,開国下田みなと,下田市,https://www.cbr.mlit.go.jp/michinoeki/shizuoka/shizuoka15.html
静岡県,掛川,掛川市,https://www.cbr.mlit.go.jp/michinoeki/shizuoka/shizuoka16.html
静岡県,ふじおやま,駿東郡小山町,https://www.cbr.mlit.go.jp/michinoeki/shizuoka/shizuoka17.html
静岡県,潮見坂,湖西市,https://www.cbr.mlit.go.jp/michinoeki/shizuoka/shizuoka18.html
静岡県,伊豆のへそ,伊豆の国市,https://www.cbr.mlit.go.jp/michinoeki/shizuoka/shizuoka19.html
静岡県,下賀茂温泉　湯の花,賀茂郡南伊豆町,https://www.cbr.mlit.go.jp/michinoeki/shizuoka/shizuoka20.html
静岡県,すばしり,駿東郡小山町,https://www.cbr.mlit.go.jp/michinoeki/shizuoka/shizuoka21.html
静岡県,風のマルシェ　御前崎,御前崎市,https://www.cbr.mlit.go.jp/michinoeki/shizuoka/shizuoka22.html
静岡県,くるら戸田,沼津市,https://www.cbr.mlit.go.jp/michinoeki/shizuoka/shizuoka23.html
静岡県,伊豆ゲートウェイ函南 ,田方郡函南町,https://www.cbr.mlit.go.jp/michinoeki/shizuoka/shizuoka24.html
静岡県,伊豆月ケ瀬,伊豆市,https://www.cbr.mlit.go.jp/michinoeki/shizuoka/shizuoka25.html
静岡県,そらっと牧之原,牧之原,
静岡県,ゆとりえせとや,藤枝市,
愛知県,豊根グリーンポート宮嶋,北設楽郡豊根村,https://www.cbr.mlit.go.jp/michinoeki/aichi/aichi01.html
愛知県,鳳来三河三石,新城市,https://www.cbr.mlit.go.jp/michinoeki/aichi/aichi02.html
愛知県,田原めっくんはうす,田原市,https://www.cbr.mlit.go.jp/michinoeki/aichi/aichi03.html
愛知県,伊良湖クリスタルポルト,田原市,https://www.cbr.mlit.go.jp/michinoeki/aichi/aichi04.html
愛知県,つぐ高原グリーンパーク,北設楽郡設楽町,https://www.cbr.mlit.go.jp/michinoeki/aichi/aichi05.html
愛知県,どんぐりの里　いなぶ,豊田市,https://www.cbr.mlit.go.jp/michinoeki/aichi/aichi06.html
愛知県,アグリステーションなぐら,北設楽郡設楽町,https://www.cbr.mlit.go.jp/michinoeki/aichi/aichi07.html
愛知県,デンパーク安城,安城市,https://www.cbr.mlit.go.jp/michinoeki/aichi/aichi08.html
愛知県,つくで手作り村,新城市,https://www.cbr.mlit.go.jp/michinoeki/aichi/aichi09.html
愛知県,ふれあいの里HASUパーク,愛西市,https://www.cbr.mlit.go.jp/michinoeki/aichi/aichi10.html
愛知県,あかばねロコステーション,田原市,https://www.cbr.mlit.go.jp/michinoeki/aichi/aichi11.html
愛知県,筆柿の里・幸田,額田郡幸田町,https://www.cbr.mlit.go.jp/michinoeki/aichi/aichi12.html
愛知県,にしお岡ノ山,西尾市,https://www.cbr.mlit.go.jp/michinoeki/aichi/aichi13.html
愛知県,瀬戸しなの,瀬戸市,https://www.cbr.mlit.go.jp/michinoeki/aichi/aichi14.html
愛知県,藤川宿,岡崎市,https://www.cbr.mlit.go.jp/michinoeki/aichi/aichi15.html
愛知県,もっくる新城,新城市,https://www.cbr.mlit.go.jp/michinoeki/aichi/aichi16.html
愛知県,とよはし,豊橋市,https://www.cbr.mlit.go.jp/michinoeki/aichi/aichi17.html
愛知県,したら,北設楽郡設楽町,https://www.cbr.mlit.go.jp/michinoeki/aichi/aichi18.html
愛知県,マチテラス日進,日進市,
三重県,飯高駅,松阪市,https://www.cbr.mlit.go.jp/michinoeki/mie/mie01.html
三重県,菰野,三重郡菰野町,https://www.cbr.mlit.go.jp/michinoeki/mie/mie02.html
三重県,紀宝町ウミガメ公園,南牟婁郡紀宝町,https://www.cbr.mlit.go.jp/michinoeki/mie/mie03.html
三重県,パーク七里御浜,南牟婁郡御浜町,https://www.cbr.mlit.go.jp/michinoeki/mie/mie04.html
三重県,海山,北牟婁郡紀北町,https://www.cbr.mlit.go.jp/michinoeki/mie/mie05.html
三重県,奥伊勢木つつ木館,度会郡大紀町,https://www.cbr.mlit.go.jp/michinoeki/mie/mie06.html
三重県,熊野きのくに,熊野市,https://www.cbr.mlit.go.jp/michinoeki/mie/mie07.html
三重県,茶倉駅,松阪市,https://www.cbr.mlit.go.jp/michinoeki/mie/mie08.html
三重県,奥伊勢おおだい,多気郡大台町,https://www.cbr.mlit.go.jp/michinoeki/mie/mie09.html
三重県,美杉,津市,https://www.cbr.mlit.go.jp/michinoeki/mie/mie10.html
三重県,関宿,亀山市,https://www.cbr.mlit.go.jp/michinoeki/mie/mie11.html
三重県,伊勢志摩,志摩市,https://www.cbr.mlit.go.jp/michinoeki/mie/mie12.html
三重県,紀伊長島マンボウ,北牟婁郡紀北町,https://www.cbr.mlit.go.jp/michinoeki/mie/mie13.html
三重県,あやま,伊賀市,https://www.cbr.mlit.go.jp/michinoeki/mie/mie14.html
三重県,いが,伊賀市,https://www.cbr.mlit.go.jp/michinoeki/mie/mie15.html
三重県,津かわげ,津市,https://www.cbr.mlit.go.jp/michinoeki/mie/mie16.html
三重県,熊野・花の窟,熊野市,https://www.cbr.mlit.go.jp/michinoeki/mie/mie17.html
三重県,熊野・板屋九郎兵衛の里,熊野市,https://www.cbr.mlit.go.jp/michinoeki/mie/mie18.html
滋賀県,あいの土山,甲賀市,https://www.kkr.mlit.go.jp/road/michi_no_eki/contents/shiga/ainotsuchiyama.html
滋賀県,くつき新本陣,高島市,https://www.kkr.mlit.go.jp/road/michi_no_eki/contents/shiga/kutsukishinhonjin.html
滋賀県,しんあさひ風車村,高島市,https://www.kkr.mlit.go.jp/road/michi_no_eki/contents/shiga/shinasahi.html
滋賀県,東近江市あいとうマーガレットステーション,東近江市,https://www.kkr.mlit.go.jp/road/michi_no_eki/contents/shiga/margueritestation.html
滋賀県,びわ湖大橋米プラザ,大津市,https://www.kkr.mlit.go.jp/road/michi_no_eki/contents/shiga/biwakoohishikomeplaza.html
滋賀県,近江母の郷,米原市,https://www.kkr.mlit.go.jp/road/michi_no_eki/contents/shiga/omihahanosato.html
滋賀県,こんぜの里りっとう,栗東市,https://www.kkr.mlit.go.jp/road/michi_no_eki/contents/shiga/konzenosatorittou.html
滋賀県,湖北みずどりステーション,長浜市,https://www.kkr.mlit.go.jp/road/michi_no_eki/contents/shiga/kohokumizudoristation.html
滋賀県,草津,草津市,https://www.kkr.mlit.go.jp/road/michi_no_eki/contents/shiga/kusatsu.html
滋賀県,竜王かがみの里,蒲生郡竜王町,https://www.kkr.mlit.go.jp/road/michi_no_eki/contents/shiga/ryuoukagaminosato.html
滋賀県,アグリの郷栗東,栗東市,https://www.kkr.mlit.go.jp/road/michi_no_eki/contents/shiga/agurinosatorittou.html
滋賀県,マキノ追坂峠,高島市,https://www.kkr.mlit.go.jp/road/michi_no_eki/contents/shiga/makinoossakatouge.html
滋賀県,藤樹の里あどがわ,高島市,https://www.kkr.mlit.go.jp/road/michi_no_eki/contents/shiga/adogawa.html
滋賀県,伊吹の里,米原市,https://www.kkr.mlit.go.jp/road/michi_no_eki/contents/shiga/ibukinosato.html
滋賀県,塩津海道あぢかまの里,長浜市,https://www.kkr.mlit.go.jp/road/michi_no_eki/contents/shiga/adikama.html
滋賀県,せせらぎの里こうら,犬上郡甲良町,https://www.kkr.mlit.go.jp/road/michi_no_eki/contents/shiga/seseraginosato.html
滋賀県,妹子の郷,大津市,https://www.kkr.mlit.go.jp/road/michi_no_eki/contents/shiga/imokonosato.html
滋賀県,奥永源寺 渓流の里,東近江市,https://www.kkr.mlit.go.jp/road/michi_no_eki/contents/shiga/okueigenji.html
滋賀県,アグリパーク竜王,蒲生郡竜王町,https://www.kkr.mlit.go.jp/road/michi_no_eki/contents/shiga/aguriparkryuou.html
滋賀県,浅井三姉妹の郷,長浜市,https://www.kkr.mlit.go.jp/road/michi_no_eki/contents/shiga/azaisansimai.html
京都府,舟屋の里伊根,与謝郡伊根町,https://www.kkr.mlit.go.jp/road/michi_no_eki/contents/kyoto/funayanosatoine.html
京都府,シルクのまち　かや,与謝郡与謝野町,https://www.kkr.mlit.go.jp/road/michi_no_eki/contents/kyoto/silknomachikaya.html
京都府,てんきてんき丹後,京丹後市,https://www.kkr.mlit.go.jp/road/michi_no_eki/contents/kyoto/tenkitenkitango.html
京都府,和,船井郡京丹波町,https://www.kkr.mlit.go.jp/road/michi_no_eki/contents/kyoto/nagomi.html
京都府,ガレリアかめおか,亀岡市,https://www.kkr.mlit.go.jp/road/michi_no_eki/contents/kyoto/gareriakameoka.html
京都府,丹波マーケス,船井郡京丹波町,https://www.kkr.mlit.go.jp/road/michi_no_eki/contents/kyoto/tanbamakesu.html
京都府,瑞穂の里・さらびき,船井郡京丹波町,https://www.kkr.mlit.go.jp/road/michi_no_eki/contents/kyoto/mizuhonosatosarabiki.html
京都府,農匠の郷やくの,福知山市,https://www.kkr.mlit.go.jp/road/michi_no_eki/contents/kyoto/yakuno.html
京都府,舞鶴港とれとれセンター,舞鶴市,https://www.kkr.mlit.go.jp/road/michi_no_eki/contents/kyoto/toretorecenter.html
京都府,京都新光悦村,南丹市,https://www.kkr.mlit.go.jp/road/michi_no_eki/contents/kyoto/shinkoetsu.html
京都府,丹後王国「食のみやこ」,京丹後市,https://www.kkr.mlit.go.jp/road/michi_no_eki/contents/kyoto/tangooukoku.html
京都府,美山ふれあい広場,南丹市,https://www.kkr.mlit.go.jp/road/michi_no_eki/contents/kyoto/miyamafureaihiroba.html
京都府,ウッディー京北,京都市,https://www.kkr.mlit.go.jp/road/michi_no_eki/contents/kyoto/woodykeihoku.html
京都府,くみはまSANKAIKAN,京丹後市,https://www.kkr.mlit.go.jp/road/michi_no_eki/contents/kyoto/kumihamasankaikan.html
京都府,スプリングスひよし,南丹市,https://www.kkr.mlit.go.jp/road/michi_no_eki/contents/kyoto/springshiyoshi.html
京都府,京丹波　味夢の里,船井郡京丹波町,https://www.kkr.mlit.go.jp/road/michi_no_eki/contents/kyoto/kyotambaajimnosato.html
京都府,海の京都　宮津,宮津市,https://www.kkr.mlit.go.jp/road/michi_no_eki/contents/kyoto/uminokyoutomiyazu.html
京都府,お茶の京都　みなみやましろ村,相楽郡南山城村,https://www.kkr.mlit.go.jp/road/michi_no_eki/contents/kyoto/ocyanokyotominamiyamashiromura.html
大阪府,ちはやあかさか,南河内郡千早赤阪村,https://www.kkr.mlit.go.jp/road/michi_no_eki/contents/osaka/chihayaakasaka.html
大阪府,近つ飛鳥の里太子,南河内郡太子町,https://www.kkr.mlit.go.jp/road/michi_no_eki/contents/osaka/chikatuasukanosatotaishi.html
大阪府,能勢（くりの郷）,豊能郡能勢町,https://www.kkr.mlit.go.jp/road/michi_no_eki/contents/osaka/nose.html
大阪府,かなん,南河内郡河南町,https://www.kkr.mlit.go.jp/road/michi_no_eki/contents/osaka/kanan.html
大阪府,しらとりの郷・羽曳野,羽曳野市,https://www.kkr.mlit.go.jp/road/michi_no_eki/contents/osaka/shiratori_habikino.html
大阪府,いずみ山愛の里,和泉市,https://www.kkr.mlit.go.jp/road/michi_no_eki/contents/osaka/izumiyamaai.html
大阪府,とっとパーク小島,泉南郡岬町,https://www.kkr.mlit.go.jp/road/michi_no_eki/contents/osaka/tottopark.html
大阪府,愛彩ランド,岸和田市,https://www.kkr.mlit.go.jp/road/michi_no_eki/contents/osaka/aisai_land.html
大阪府,みさき,泉南郡岬町,https://www.kkr.mlit.go.jp/road/michi_no_eki/contents/osaka/misaki.html
大阪府,奥河内くろまろの郷,河内長野市,https://www.kkr.mlit.go.jp/road/michi_no_eki/contents/osaka/kuromaronosato.html
兵庫県,はが,宍粟市,https://www.kkr.mlit.go.jp/road/michi_no_eki/contents/hyogo/haga.html
兵庫県,あさご,朝来市,https://www.kkr.mlit.go.jp/road/michi_no_eki/contents/hyogo/asago.html
兵庫県,ちくさ,宍粟市,https://www.kkr.mlit.go.jp/road/michi_no_eki/contents/hyogo/chikusa.html
兵庫県,神鍋高原,豊岡市,https://www.kkr.mlit.go.jp/road/michi_no_eki/contents/hyogo/kannabe.html
兵庫県,村岡ファームガーデン,美方郡香美町,https://www.kkr.mlit.go.jp/road/michi_no_eki/contents/hyogo/muraokafarmgarden.html
兵庫県,やぶ,養父市,https://www.kkr.mlit.go.jp/road/michi_no_eki/contents/hyogo/yabu.html
兵庫県,但馬楽座,養父市,https://www.kkr.mlit.go.jp/road/michi_no_eki/contents/hyogo/tanbarakuza.html
兵庫県,みなみ波賀,宍粟市,https://www.kkr.mlit.go.jp/road/michi_no_eki/contents/hyogo/minamihaga.html
兵庫県,しんぐう,たつの市,https://www.kkr.mlit.go.jp/road/michi_no_eki/contents/hyogo/shinguu.html
兵庫県,杉原紙の里・多可,多可郡多可町,https://www.kkr.mlit.go.jp/road/michi_no_eki/contents/hyogo/rutoyonniinanakami.html
兵庫県,あおがき,丹波市,https://www.kkr.mlit.go.jp/road/michi_no_eki/contents/hyogo/aogaki.html
兵庫県,ハチ北,美方郡香美町,https://www.kkr.mlit.go.jp/road/michi_no_eki/contents/hyogo/hachikita.html
兵庫県,あわじ,淡路市,https://www.kkr.mlit.go.jp/road/michi_no_eki/contents/hyogo/awaji.html
兵庫県,みき,三木市,https://www.kkr.mlit.go.jp/road/michi_no_eki/contents/hyogo/miki.html
兵庫県,うずしお,南あわじ市,https://www.kkr.mlit.go.jp/road/michi_no_eki/contents/hyogo/uzushio.html
兵庫県,播磨いちのみや,宍粟市,https://www.kkr.mlit.go.jp/road/michi_no_eki/contents/hyogo/harimaichinomiya.html
兵庫県,フレッシュあさご,朝来市,https://www.kkr.mlit.go.jp/road/michi_no_eki/contents/hyogo/freshasago.html
兵庫県,宿場町ひらふく,佐用郡佐用町,https://www.kkr.mlit.go.jp/road/michi_no_eki/contents/hyogo/syukubamatihirafuku.html
兵庫県,あゆの里　矢田川,美方郡香美町,https://www.kkr.mlit.go.jp/road/michi_no_eki/contents/hyogo/ayunosatoyatagawa.html
兵庫県,とうじょう,加東市,https://www.kkr.mlit.go.jp/road/michi_no_eki/contents/hyogo/toujyou.html
兵庫県,いながわ,川辺郡猪名川町,https://www.kkr.mlit.go.jp/road/michi_no_eki/contents/hyogo/inagawa.html
兵庫県,東浦ターミナルパーク,淡路市,https://www.kkr.mlit.go.jp/road/michi_no_eki/contents/hyogo/higashiuratatarminalpark.html
兵庫県,北はりまエコミュージアム,西脇市,https://www.kkr.mlit.go.jp/road/michi_no_eki/contents/hyogo/kitaharimaecomum.html
兵庫県,あいおい白龍城,相生市,https://www.kkr.mlit.go.jp/road/michi_no_eki/contents/hyogo/aioipeperonjyou.html
兵庫県,淡河,神戸市,https://www.kkr.mlit.go.jp/road/michi_no_eki/contents/hyogo/ogo.html
兵庫県,丹波おばあちゃんの里,丹波市,https://www.kkr.mlit.go.jp/road/michi_no_eki/contents/hyogo/tanbaobaachan.html
兵庫県,但馬のまほろば,朝来市,https://www.kkr.mlit.go.jp/road/michi_no_eki/contents/hyogo/tajimanomahoroba.html
兵庫県,ようか但馬蔵,養父市,https://www.kkr.mlit.go.jp/road/michi_no_eki/contents/hyogo/youkatajimanokura.html
兵庫県,みつ,たつの市,https://www.kkr.mlit.go.jp/road/michi_no_eki/contents/hyogo/mitsu.html
兵庫県,あまるべ,美方郡香美町,https://www.kkr.mlit.go.jp/road/michi_no_eki/contents/hyogo/amarube.html
兵庫県,福良,南あわじ市,https://www.kkr.mlit.go.jp/road/michi_no_eki/contents/hyogo/fukura.html
兵庫県,山田錦発祥のまち・多可,多可郡多可町,https://www.kkr.mlit.go.jp/road/michi_no_eki/contents/hyogo/Yamada-nishik-taka.html
兵庫県,神戸フルーツ・フラワーパーク大沢,神戸市,https://www.kkr.mlit.go.jp/road/michi_no_eki/contents/hyogo/kobefruitflowerparkozo.html
兵庫県,山陰海岸ジオパーク浜坂の郷,美方郡新温泉町,https://www.kkr.mlit.go.jp/road/michi_no_eki/contents/hyogo/saninkaiganjioparkhamasakanosato.html
兵庫県,銀の馬車道・神河,神崎郡神河町,https://www.kkr.mlit.go.jp/road/michi_no_eki/contents/hyogo/ginnobasyamichi.html
兵庫県,よかわ,三木市,
奈良県,吉野路　大塔,五條市,https://www.kkr.mlit.go.jp/road/michi_no_eki/contents/nara/yoshinojiootou.html
奈良県,吉野路　上北山,吉野郡上北山村,https://www.kkr.mlit.go.jp/road/michi_no_eki/contents/nara/yoshinojikamikitayama.html
奈良県,杉の湯　川上,吉野郡川上村,https://www.kkr.mlit.go.jp/road/michi_no_eki/contents/nara/suginoyukawakami.html
奈良県,吉野路　黒滝,吉野郡黒滝村,https://www.kkr.mlit.go.jp/road/michi_no_eki/contents/nara/yoshinojikurotaki.html
奈良県,ふたかみパーク當麻,葛城市,https://www.kkr.mlit.go.jp/road/michi_no_eki/contents/nara/futakamiparktaima.html
奈良県,宇陀路大宇陀,宇陀市,https://www.kkr.mlit.go.jp/road/michi_no_eki/contents/nara/udajioouda.html
奈良県,十津川郷,吉野郡十津川村,https://www.kkr.mlit.go.jp/road/michi_no_eki/contents/nara/totukawagou.html
奈良県,宇陀路室生,宇陀市,https://www.kkr.mlit.go.jp/road/michi_no_eki/contents/nara/udajimurou.html
奈良県,針Ｔ・Ｒ・Ｓ,奈良市,https://www.kkr.mlit.go.jp/road/michi_no_eki/contents/nara/hariteatimeresortstation.html
奈良県,大和路へぐり,生駒郡平群町,https://www.kkr.mlit.go.jp/road/michi_no_eki/contents/nara/yamatojiheguri.html
奈良県,吉野路　大淀ｉセンター,吉野郡大淀町,https://www.kkr.mlit.go.jp/road/michi_no_eki/contents/nara/yoshinojioyadoicenter.html
奈良県,伊勢本街道　御杖,宇陀郡御杖村,https://www.kkr.mlit.go.jp/road/michi_no_eki/contents/nara/isehonkaidomitsue.html
奈良県,かつらぎ,葛城市,https://www.kkr.mlit.go.jp/road/michi_no_eki/contents/nara/katsuragi.html
奈良県,レスティ唐古・鍵,磯城郡田原本町,https://www.kkr.mlit.go.jp/road/michi_no_eki/contents/nara/karakokagi.html
奈良県,飛鳥,高市郡明日香村,https://www.kkr.mlit.go.jp/road/michi_no_eki/contents/nara/asuka.html
奈良県,なら歴史芸術文化村,天理市,https://www.kkr.mlit.go.jp/road/michi_no_eki/contents/nara/NaraPrefectureHistoricalandArtisticCultureComplex.html
奈良県,クロスウェイなかまち,奈良県,
奈良県,きなりの郷下北山,吉野郡下北山村,
和歌山県,しみず,有田郡有田川町,https://www.kkr.mlit.go.jp/road/michi_no_eki/contents/wakayama/shimizu.html
和歌山県,San　Pin  中津,日高郡日高川町,https://www.kkr.mlit.go.jp/road/michi_no_eki/contents/wakayama/sanpinnakatsu.html
和歌山県,ふるさとセンター大塔,田辺市,https://www.kkr.mlit.go.jp/road/michi_no_eki/contents/wakayama/furusatocenterootou.html
和歌山県,龍神,田辺市,https://www.kkr.mlit.go.jp/road/michi_no_eki/contents/wakayama/ryuujin.html
和歌山県,イノブータンランド・すさみ,西牟婁郡すさみ町,https://www.kkr.mlit.go.jp/road/michi_no_eki/contents/wakayama/inobuutanlandsusami.html
和歌山県,志原海岸,西牟婁郡白浜町,https://www.kkr.mlit.go.jp/road/michi_no_eki/contents/wakayama/shiharakaigan.html
和歌山県,熊野古道中辺路,田辺市,https://www.kkr.mlit.go.jp/road/michi_no_eki/contents/wakayama/kumanokodonakahechi.html
和歌山県,しらまの里,有田郡有田川町,https://www.kkr.mlit.go.jp/road/michi_no_eki/contents/wakayama/shiramanosato.html
和歌山県,みなべうめ振興館,日高郡みなべ町,https://www.kkr.mlit.go.jp/road/michi_no_eki/contents/wakayama/minabeumesihnkoukan.html
和歌山県,紀州備長炭記念公園,田辺市,https://www.kkr.mlit.go.jp/road/michi_no_eki/contents/wakayama/kisyubinchoutankinenkouen.html
和歌山県,瀞峡街道熊野川,新宮市,https://www.kkr.mlit.go.jp/road/michi_no_eki/contents/wakayama/dorokyokaidoukumanogawa.html
和歌山県,紀の川万葉の里,伊都郡かつらぎ町,https://www.kkr.mlit.go.jp/road/michi_no_eki/contents/wakayama/kinokawamanyounosato.html
和歌山県,奥熊野古道ほんぐう,田辺市,https://www.kkr.mlit.go.jp/road/michi_no_eki/contents/wakayama/okukumanokodouhonguu.html
和歌山県,おくとろ,東牟婁郡北山村,https://www.kkr.mlit.go.jp/road/michi_no_eki/contents/wakayama/okutoro.html
和歌山県,水の郷日高川　龍游,田辺市,https://www.kkr.mlit.go.jp/road/michi_no_eki/contents/wakayama/mizunosatohidakagawaryuyu.html
和歌山県,明恵ふるさと館,有田郡有田川町,https://www.kkr.mlit.go.jp/road/michi_no_eki/contents/wakayama/myouehurusatokan.html
和歌山県,根来さくらの里,岩出市,https://www.kkr.mlit.go.jp/road/michi_no_eki/contents/wakayama/negorosakuranosato.html
和歌山県,あらぎの里,有田郡有田川町,https://www.kkr.mlit.go.jp/road/michi_no_eki/contents/wakayama/araginosato.html
和歌山県,一枚岩,東牟婁郡古座川町,https://www.kkr.mlit.go.jp/road/michi_no_eki/contents/wakayama/ichimaiiwa.html
和歌山県,白崎海洋公園,日高郡由良町,https://www.kkr.mlit.go.jp/road/michi_no_eki/contents/wakayama/shirasaki.html
和歌山県,椿はなの湯,西牟婁郡白浜町,https://www.kkr.mlit.go.jp/road/michi_no_eki/contents/wakayama/tsubaki.html
和歌山県,なち,東牟婁郡那智勝浦町,https://www.kkr.mlit.go.jp/road/michi_no_eki/contents/wakayama/nachi.html
和歌山県,瀧之拝太郎,東牟婁郡古座川町,https://www.kkr.mlit.go.jp/road/michi_no_eki/contents/wakayama/takinohaitaro.html
和歌山県,田辺市龍神ごまさんスカイタワー,田辺市,https://www.kkr.mlit.go.jp/road/michi_no_eki/contents/wakayama/gomasanskytower.html
和歌山県,くしもと橋杭岩,東牟婁郡串本町,https://www.kkr.mlit.go.jp/road/michi_no_eki/contents/wakayama/hasiguiiwa.html
和歌山県,柿の郷くどやま,伊都郡九度山町,https://www.kkr.mlit.go.jp/road/michi_no_eki/contents/wakayama/kakinosatokudoyama.html
和歌山県,虫喰岩,東牟婁郡古座川町,https://www.kkr.mlit.go.jp/road/michi_no_eki/contents/wakayama/musikuiiwa.html
和歌山県,くちくまの,西牟婁郡上富田町,https://www.kkr.mlit.go.jp/road/michi_no_eki/contents/wakayama/kuchikumano.html
和歌山県,すさみ,西牟婁郡すさみ町,https://www.kkr.mlit.go.jp/road/michi_no_eki/contents/wakayama/susami.html
和歌山県,かつらぎ西,伊都郡かつらぎ町,https://www.kkr.mlit.go.jp/road/michi_no_eki/contents/wakayama/katsuraginishi.html
和歌山県,たいじ,東牟婁郡太地町,https://www.kkr.mlit.go.jp/road/michi_no_eki/contents/wakayama/taiji.html
和歌山県,青洲の里,紀の川市,https://www.kkr.mlit.go.jp/road/michi_no_eki/contents/wakayama/seishunosato.html
和歌山県,くしがきの里,伊都郡かつらぎ町,https://www.kkr.mlit.go.jp/road/michi_no_eki/contents/wakayama/kushigakinosato.html
和歌山県,ねごろ歴史の丘,岩出市,https://www.kkr.mlit.go.jp/road/michi_no_eki/contents/wakayama/negororekishinooka.html
和歌山県,四季の郷公園,和歌山市,https://www-1.kkr.mlit.go.jp/road/michi_no_eki/contents/wakayama/Shikinosatokouen.html
和歌山県,海南サクアス,海南市,
鳥取県,大栄,東伯郡北栄町,https://www.cgr.mlit.go.jp/douro/Michi-no-Eki/single.html?name=%E5%A4%A7%E6%A0%84
鳥取県,三朝・楽市楽座,東伯郡三朝町,https://www.cgr.mlit.go.jp/douro/Michi-no-Eki/single.html?name=%E4%B8%89%E6%9C%9D%E3%83%BB%E6%A5%BD%E5%B8%82%E6%A5%BD%E5%BA%A7%EF%BC%88%E4%BC%91%E6%AD%A2%E4%B8%AD%EF%BC%89
鳥取県,ほうじょう,東伯郡北栄町,https://www.cgr.mlit.go.jp/douro/Michi-no-Eki/single.html?name=%E3%81%BB%E3%81%86%E3%81%98%E3%82%87%E3%81%86%EF%BC%88%E6%97%A7%E5%8C%97%E6%9D%A1%E5%85%AC%E5%9C%92%EF%BC%89
鳥取県,ポート赤碕,東伯郡琴浦町,https://www.cgr.mlit.go.jp/douro/Michi-no-Eki/single.html?name=%E3%83%9D%E3%83%BC%E3%83%88%E8%B5%A4%E7%A2%95
鳥取県,はっとう,八頭郡八頭町,https://www.cgr.mlit.go.jp/douro/Michi-no-Eki/single.html?name=%E3%81%AF%E3%81%A3%E3%81%A8%E3%81%86
鳥取県,犬挟,倉吉市,https://www.cgr.mlit.go.jp/douro/Michi-no-Eki/single.html?name=%E7%8A%AC%E6%8C%9F
鳥取県,はわい,東伯郡湯梨浜町,https://www.cgr.mlit.go.jp/douro/Michi-no-Eki/single.html?name=%E3%81%AF%E3%82%8F%E3%81%84
鳥取県,神話の里　白うさぎ,鳥取市,https://www.cgr.mlit.go.jp/douro/Michi-no-Eki/single.html?name=%E7%A5%9E%E8%A9%B1%E3%81%AE%E9%87%8C_%E7%99%BD%E3%81%86%E3%81%95%E3%81%8E
鳥取県,清流茶屋　かわはら,鳥取市,https://www.cgr.mlit.go.jp/douro/Michi-no-Eki/single.html?name=%E6%B8%85%E6%B5%81%E8%8C%B6%E5%B1%8B_%E3%81%8B%E3%82%8F%E3%81%AF%E3%82%89
鳥取県,若桜,八頭郡若桜町,https://www.cgr.mlit.go.jp/douro/Michi-no-Eki/single.html?name=%E8%8B%A5%E6%A1%9C
鳥取県,大山恵みの里,西伯郡大山町,https://www.cgr.mlit.go.jp/douro/Michi-no-Eki/single.html?name=%E5%A4%A7%E5%B1%B1%E6%81%B5%E3%81%BF%E3%81%AE%E9%87%8C
鳥取県,燕趙園,東伯郡湯梨浜町,https://www.cgr.mlit.go.jp/douro/Michi-no-Eki/single.html?name=%E7%87%95%E8%B6%99%E5%9C%92
鳥取県,きなんせ岩美,岩美郡岩美町,https://www.cgr.mlit.go.jp/douro/Michi-no-Eki/single.html?name=%E3%81%8D%E3%81%AA%E3%82%93%E3%81%9B%E5%B2%A9%E7%BE%8E
鳥取県,奥大山,日野郡江府町,https://www.cgr.mlit.go.jp/douro/Michi-no-Eki/single.html?name=%E5%A5%A5%E5%A4%A7%E5%B1%B1
鳥取県,にちなん日野川の郷,日野郡日南町,https://www.cgr.mlit.go.jp/douro/Michi-no-Eki/single.html?name=%E3%81%AB%E3%81%A1%E3%81%AA%E3%82%93%E6%97%A5%E9%87%8E%E5%B7%9D%E3%81%AE%E9%83%B7
鳥取県,琴の浦,東伯郡琴浦町,https://www.cgr.mlit.go.jp/douro/Michi-no-Eki/single.html?name=%E7%90%B4%E3%81%AE%E6%B5%A6
鳥取県,西いなば 気楽里,鳥取市,https://www.cgr.mlit.go.jp/douro/Michi-no-Eki/single.html?name=%E8%A5%BF%E3%81%84%E3%81%AA%E3%81%B0%E6%B0%97%E6%A5%BD%E9%87%8C
島根県,掛合の里,雲南市,https://www.cgr.mlit.go.jp/douro/Michi-no-Eki/single.html?name=%E6%8E%9B%E5%90%88%E3%81%AE%E9%87%8C
島根県,頓原,飯石郡飯南町,https://www.cgr.mlit.go.jp/douro/Michi-no-Eki/single.html?name=%E9%A0%93%E5%8E%9F
島根県,ゆうひパーク浜田,浜田市,https://www.cgr.mlit.go.jp/douro/Michi-no-Eki/single.html?name=%E3%82%86%E3%81%86%E3%81%B2%E3%83%91%E3%83%BC%E3%82%AF%E6%B5%9C%E7%94%B0
島根県,ゆうひパーク三隅,浜田市,https://www.cgr.mlit.go.jp/douro/Michi-no-Eki/single.html?name=%E3%82%86%E3%81%86%E3%81%B2%E3%83%91%E3%83%BC%E3%82%AF%E4%B8%89%E9%9A%85
島根県,邑南の里,邑智郡邑南町,https://www.cgr.mlit.go.jp/douro/Michi-no-Eki/single.html?name=%E9%82%91%E5%8D%97%E3%81%AE%E9%87%8C
島根県,グリーンロード大和,邑智郡美郷町,https://www.cgr.mlit.go.jp/douro/Michi-no-Eki/single.html?name=%E3%82%B0%E3%83%AA%E3%83%BC%E3%83%B3%E3%83%AD%E3%83%BC%E3%83%89%E5%A4%A7%E5%92%8C
島根県,大社ご縁広場,出雲市,https://www.cgr.mlit.go.jp/douro/Michi-no-Eki/single.html?name=%E5%A4%A7%E7%A4%BE%E3%81%94%E7%B8%81%E5%BA%83%E5%A0%B4
島根県,サンエイト美都,益田市,https://www.cgr.mlit.go.jp/douro/Michi-no-Eki/single.html?name=%E3%82%B5%E3%83%B3%E3%82%A8%E3%82%A4%E3%83%88%E7%BE%8E%E9%83%BD
島根県,奥出雲おろちループ,仁多郡奥出雲町,https://www.cgr.mlit.go.jp/douro/Michi-no-Eki/single.html?name=%E5%A5%A5%E5%87%BA%E9%9B%B2%E3%81%8A%E3%82%8D%E3%81%A1%E3%83%AB%E3%83%BC%E3%83%97
島根県,広瀬・富田城,安来市,https://www.cgr.mlit.go.jp/douro/Michi-no-Eki/single.html?name=%E5%BA%83%E7%80%AC%E3%83%BB%E5%AF%8C%E7%94%B0%E5%9F%8E
島根県,赤来高原,飯石郡飯南町,https://www.cgr.mlit.go.jp/douro/Michi-no-Eki/single.html?name=%E8%B5%A4%E6%9D%A5%E9%AB%98%E5%8E%9F
島根県,かきのきむら,鹿足郡吉賀町,https://www.cgr.mlit.go.jp/douro/Michi-no-Eki/single.html?name=%E3%81%8B%E3%81%8D%E3%81%AE%E3%81%8D%E3%82%80%E3%82%89
島根県,キララ多伎,出雲市,https://www.cgr.mlit.go.jp/douro/Michi-no-Eki/single.html?name=%E3%82%AD%E3%83%A9%E3%83%A9%E5%A4%9A%E4%BC%8E
島根県,湯の川,出雲市,https://www.cgr.mlit.go.jp/douro/Michi-no-Eki/single.html?name=%E6%B9%AF%E3%81%AE%E5%B7%9D
島根県,シルクウェイにちはら,鹿足郡津和野町,https://www.cgr.mlit.go.jp/douro/Michi-no-Eki/single.html?name=%E3%82%B7%E3%83%AB%E3%82%AF%E3%82%A6%E3%82%A7%E3%82%A4%E3%81%AB%E3%81%A1%E3%81%AF%E3%82%89
島根県,秋鹿なぎさ公園,松江市,https://www.cgr.mlit.go.jp/douro/Michi-no-Eki/single.html?name=%E7%A7%8B%E9%B9%BF%E3%81%AA%E3%81%8E%E3%81%95%E5%85%AC%E5%9C%92
島根県,津和野温泉なごみの里,鹿足郡津和野町,https://www.cgr.mlit.go.jp/douro/Michi-no-Eki/single.html?name=%E6%B4%A5%E5%92%8C%E9%87%8E%E6%B8%A9%E6%B3%89%E3%81%AA%E3%81%94%E3%81%BF%E3%81%AE%E9%87%8C
島根県,さくらの里きすき,雲南市,https://www.cgr.mlit.go.jp/douro/Michi-no-Eki/single.html?name=%E3%81%95%E3%81%8F%E3%82%89%E3%81%AE%E9%87%8C%E3%81%8D%E3%81%99%E3%81%8D
島根県,本庄,松江市,https://www.cgr.mlit.go.jp/douro/Michi-no-Eki/single.html?name=%E6%9C%AC%E5%BA%84
島根県,匹見峡,益田市,https://www.cgr.mlit.go.jp/douro/Michi-no-Eki/single.html?name=%E5%8C%B9%E8%A6%8B%E5%B3%A1
島根県,酒蔵奥出雲交流館,仁多郡奥出雲町,https://www.cgr.mlit.go.jp/douro/Michi-no-Eki/single.html?name=%E9%85%92%E8%94%B5%E5%A5%A5%E5%87%BA%E9%9B%B2%E4%BA%A4%E6%B5%81%E9%A4%A8
島根県,インフォメーションセンターかわもと,邑智郡川本町,https://www.cgr.mlit.go.jp/douro/Michi-no-Eki/single.html?name=%E3%82%A4%E3%83%B3%E3%83%95%E3%82%A9%E3%83%A1%E3%83%BC%E3%82%B7%E3%83%A7%E3%83%B3%E3%82%BB%E3%83%B3%E3%82%BF%E3%83%BC%E3%81%8B%E3%82%8F%E3%82%82%E3%81%A8
島根県,むいかいち温泉,鹿足郡吉賀町,https://www.cgr.mlit.go.jp/douro/Michi-no-Eki/single.html?name=%E3%82%80%E3%81%84%E3%81%8B%E3%81%84%E3%81%A1%E6%B8%A9%E6%B3%89
島根県,ロード銀山,大田市,https://www.cgr.mlit.go.jp/douro/Michi-no-Eki/single.html?name=%E3%83%AD%E3%83%BC%E3%83%89%E9%8A%80%E5%B1%B1
島根県,サンピコごうつ,江津市,https://www.cgr.mlit.go.jp/douro/Michi-no-Eki/single.html?name=%E3%82%B5%E3%83%B3%E3%83%94%E3%82%B3%E3%81%94%E3%81%86%E3%81%A4
島根県,おろちの里,雲南市,https://www.cgr.mlit.go.jp/douro/Michi-no-Eki/single.html?name=%E3%81%8A%E3%82%8D%E3%81%A1%E3%81%AE%E9%87%8C
島根県,あらエッサ,安来市,https://www.cgr.mlit.go.jp/douro/Michi-no-Eki/single.html?name=%E3%81%82%E3%82%89%E3%82%A8%E3%83%83%E3%82%B5
島根県,たたらば壱番地,雲南市,https://www.cgr.mlit.go.jp/douro/Michi-no-Eki/single.html?name=%E3%81%9F%E3%81%9F%E3%82%89%E3%81%B0%E5%A3%B1%E7%95%AA%E5%9C%B0
島根県,ごいせ仁摩,大田市,https://www.cgr.mlit.go.jp/douro/Michi-no-Eki/single.html?name=%E3%81%94%E3%81%84%E3%81%9B%E4%BB%81%E6%91%A9
岡山県,かもがわ円城,加賀郡吉備中央町,https://www.cgr.mlit.go.jp/douro/Michi-no-Eki/single.html?name=%E3%81%8B%E3%82%82%E3%81%8C%E3%82%8F%E5%86%86%E5%9F%8E
岡山県,がいせん桜　新庄宿,真庭郡新庄村,https://www.cgr.mlit.go.jp/douro/Michi-no-Eki/single.html?name=%E3%81%8C%E3%81%84%E3%81%9B%E3%82%93%E6%A1%9C_%E6%96%B0%E5%BA%84%E5%AE%BF
岡山県,あわくらんど,英田郡西粟倉村,https://www.cgr.mlit.go.jp/douro/Michi-no-Eki/single.html?name=%E3%81%82%E3%82%8F%E3%81%8F%E3%82%89%E3%82%93%E3%81%A9
岡山県,くめなん,久米郡久米南町,https://www.cgr.mlit.go.jp/douro/Michi-no-Eki/single.html?name=%E3%81%8F%E3%82%81%E3%81%AA%E3%82%93
岡山県,みやま公園,玉野市,https://www.cgr.mlit.go.jp/douro/Michi-no-Eki/single.html?name=%E3%81%BF%E3%82%84%E3%81%BE%E5%85%AC%E5%9C%92
岡山県,一本松展望園,瀬戸内市,https://www.cgr.mlit.go.jp/douro/Michi-no-Eki/single.html?name=%E4%B8%80%E6%9C%AC%E6%9D%BE%E5%B1%95%E6%9C%9B%E5%9C%92
岡山県,黒井山グリーンパーク,瀬戸内市,https://www.cgr.mlit.go.jp/douro/Michi-no-Eki/single.html?name=%E9%BB%92%E4%BA%95%E5%B1%B1%E3%82%B0%E3%83%AA%E3%83%BC%E3%83%B3%E3%83%91%E3%83%BC%E3%82%AF
岡山県,鯉が窪,新見市,https://www.cgr.mlit.go.jp/douro/Michi-no-Eki/single.html?name=%E9%AF%89%E3%81%8C%E7%AA%AA
岡山県,蒜山高原,真庭市,https://www.cgr.mlit.go.jp/douro/Michi-no-Eki/single.html?name=%E8%92%9C%E5%B1%B1%E9%AB%98%E5%8E%9F
岡山県,風の家,真庭市,https://www.cgr.mlit.go.jp/douro/Michi-no-Eki/single.html?name=%E9%A2%A8%E3%81%AE%E5%AE%B6
岡山県,彩菜茶屋,美作市,https://www.cgr.mlit.go.jp/douro/Michi-no-Eki/single.html?name=%E5%BD%A9%E8%8F%9C%E8%8C%B6%E5%B1%8B
岡山県,奥津温泉,苫田郡鏡野町,https://www.cgr.mlit.go.jp/douro/Michi-no-Eki/single.html?name=%E5%A5%A5%E6%B4%A5%E6%B8%A9%E6%B3%89
岡山県,久米の里,津山市,https://www.cgr.mlit.go.jp/douro/Michi-no-Eki/single.html?name=%E4%B9%85%E7%B1%B3%E3%81%AE%E9%87%8C
岡山県,醍醐の里,真庭市,https://www.cgr.mlit.go.jp/douro/Michi-no-Eki/single.html?name=%E9%86%8D%E9%86%90%E3%81%AE%E9%87%8C
岡山県,かよう,加賀郡吉備中央町,https://www.cgr.mlit.go.jp/douro/Michi-no-Eki/single.html?name=%E3%81%8B%E3%82%88%E3%81%86
岡山県,笠岡ベイファーム,笠岡市,https://www.cgr.mlit.go.jp/douro/Michi-no-Eki/single.html?name=%E7%AC%A0%E5%B2%A1%E3%83%99%E3%82%A4%E3%83%95%E3%82%A1%E3%83%BC%E3%83%A0
岡山県,山陽道やかげ宿,小田郡矢掛町,https://www.cgr.mlit.go.jp/douro/Michi-no-Eki/single.html?name=%E5%B1%B1%E9%99%BD%E9%81%93%E3%82%84%E3%81%8B%E3%81%92%E5%AE%BF
広島県,リストアステーション,庄原市,https://www.cgr.mlit.go.jp/douro/Michi-no-Eki/single.html?name=%E3%83%AA%E3%82%B9%E3%83%88%E3%82%A2%E3%82%B9%E3%83%86%E3%83%BC%E3%82%B7%E3%83%A7%E3%83%B3
広島県,遊ＹＯＵさろん東城,庄原市,https://www.cgr.mlit.go.jp/douro/Michi-no-Eki/single.html?name=%E9%81%8A%EF%BC%B9%EF%BC%AF%EF%BC%B5%E3%81%95%E3%82%8D%E3%82%93%E6%9D%B1%E5%9F%8E
広島県,さんわ182ステーション,神石郡神石高原町,https://www.cgr.mlit.go.jp/douro/Michi-no-Eki/single.html?name=%E3%81%95%E3%82%93%E3%82%8F182%E3%82%B9%E3%83%86%E3%83%BC%E3%82%B7%E3%83%A7%E3%83%B3
広島県,豊平どんぐり村,山県郡北広島町,https://www.cgr.mlit.go.jp/douro/Michi-no-Eki/single.html?name=%E8%B1%8A%E5%B9%B3%E3%81%A9%E3%82%93%E3%81%90%E3%82%8A%E6%9D%91
広島県,来夢とごうち,山県郡安芸太田町,https://www.cgr.mlit.go.jp/douro/Michi-no-Eki/single.html?name=%E6%9D%A5%E5%A4%A2%E3%81%A8%E3%81%94%E3%81%86%E3%81%A1
広島県,よがんす白竜,三原市,https://www.cgr.mlit.go.jp/douro/Michi-no-Eki/single.html?name=%E3%82%88%E3%81%8C%E3%82%93%E3%81%99%E7%99%BD%E7%AB%9C
広島県,アリストぬまくま,福山市,https://www.cgr.mlit.go.jp/douro/Michi-no-Eki/single.html?name=%E3%82%A2%E3%83%AA%E3%82%B9%E3%83%88%E3%81%AC%E3%81%BE%E3%81%8F%E3%81%BE
広島県,スパ羅漢,廿日市市,https://www.cgr.mlit.go.jp/douro/Michi-no-Eki/single.html?name=%E3%82%B9%E3%83%91%E7%BE%85%E6%BC%A2
広島県,ゆめランド布野,三次市,https://www.cgr.mlit.go.jp/douro/Michi-no-Eki/single.html?name=%E3%82%86%E3%82%81%E3%83%A9%E3%83%B3%E3%83%89%E5%B8%83%E9%87%8E
広島県,ふぉレスト君田,三次市,https://www.cgr.mlit.go.jp/douro/Michi-no-Eki/single.html?name=%E3%81%B5%E3%81%89%E3%83%AC%E3%82%B9%E3%83%88%E5%90%9B%E7%94%B0
広島県,クロスロードみつぎ,尾道市,https://www.cgr.mlit.go.jp/douro/Michi-no-Eki/single.html?name=%E3%82%AF%E3%83%AD%E3%82%B9%E3%83%AD%E3%83%BC%E3%83%89%E3%81%BF%E3%81%A4%E3%81%8E
広島県,舞ロードＩＣ千代田,山県郡北広島町,https://www.cgr.mlit.go.jp/douro/Michi-no-Eki/single.html?name=%E8%88%9E%E3%83%AD%E3%83%BC%E3%83%89%EF%BC%A9%EF%BC%A3%E5%8D%83%E4%BB%A3%E7%94%B0
広島県,北の関宿安芸高田,安芸高田市,https://www.cgr.mlit.go.jp/douro/Michi-no-Eki/single.html?name=%E5%8C%97%E3%81%AE%E9%96%A2%E5%AE%BF%E5%AE%89%E8%8A%B8%E9%AB%98%E7%94%B0
広島県,湖畔の里福富,東広島市,https://www.cgr.mlit.go.jp/douro/Michi-no-Eki/single.html?name=%E6%B9%96%E7%95%94%E3%81%AE%E9%87%8C%E7%A6%8F%E5%AF%8C
広島県,たけはら,竹原市,https://www.cgr.mlit.go.jp/douro/Michi-no-Eki/single.html?name=%E3%81%9F%E3%81%91%E3%81%AF%E3%82%89
広島県,みはら神明の里,三原市,https://www.cgr.mlit.go.jp/douro/Michi-no-Eki/single.html?name=%E3%81%BF%E3%81%AF%E3%82%89%E7%A5%9E%E6%98%8E%E3%81%AE%E9%87%8C
広島県,たかの,庄原市,https://www.cgr.mlit.go.jp/douro/Michi-no-Eki/single.html?name=%E3%81%9F%E3%81%8B%E3%81%AE
広島県,世羅,世羅郡世羅町,https://www.cgr.mlit.go.jp/douro/Michi-no-Eki/single.html?name=%E4%B8%96%E7%BE%85
広島県,びんご府中,府中市,https://www.cgr.mlit.go.jp/douro/Michi-no-Eki/single.html?name=%E3%81%B3%E3%82%93%E3%81%94%E5%BA%9C%E4%B8%AD
広島県,三矢の里あきたかた,安芸高田市,https://www.cgr.mlit.go.jp/douro/Michi-no-Eki/single.html?name=%E4%B8%89%E7%9F%A2%E3%81%AE%E9%87%8C%E3%81%82%E3%81%8D%E3%81%9F%E3%81%8B%E3%81%9F
広島県,西条のん太の酒蔵,東広島市,https://www.cgr.mlit.go.jp/douro/Michi-no-Eki/single.html?name=%E8%A5%BF%E6%9D%A1%E3%81%AE%E3%82%93%E5%A4%AA%E3%81%AE%E9%85%92%E8%94%B5
山口県,阿武町,阿武郡阿武町,https://www.cgr.mlit.go.jp/douro/Michi-no-Eki/single.html?name=%E9%98%BF%E6%AD%A6%E7%94%BA
山口県,萩往還,萩市,https://www.cgr.mlit.go.jp/douro/Michi-no-Eki/single.html?name=%E8%90%A9%E5%BE%80%E9%82%84
山口県,あさひ,萩市,https://www.cgr.mlit.go.jp/douro/Michi-no-Eki/single.html?name=%E3%81%82%E3%81%95%E3%81%B2
山口県,あいお,山口市,https://www.cgr.mlit.go.jp/douro/Michi-no-Eki/single.html?name=%E3%81%82%E3%81%84%E3%81%8A
山口県,ゆとりパークたまがわ,萩市,https://www.cgr.mlit.go.jp/douro/Michi-no-Eki/single.html?name=%E3%82%86%E3%81%A8%E3%82%8A%E3%83%91%E3%83%BC%E3%82%AF%E3%81%9F%E3%81%BE%E3%81%8C%E3%82%8F
山口県,サザンセトとうわ,大島郡周防大島町,https://www.cgr.mlit.go.jp/douro/Michi-no-Eki/single.html?name=%E3%82%B5%E3%82%B6%E3%83%B3%E3%82%BB%E3%83%88%E3%81%A8%E3%81%86%E3%82%8F
山口県,きくがわ,下関市,https://www.cgr.mlit.go.jp/douro/Michi-no-Eki/single.html?name=%E3%81%8D%E3%81%8F%E3%81%8C%E3%82%8F
山口県,ハピネスふくえ,萩市,https://www.cgr.mlit.go.jp/douro/Michi-no-Eki/single.html?name=%E3%83%8F%E3%83%94%E3%83%8D%E3%82%B9%E3%81%B5%E3%81%8F%E3%81%88
山口県,長門峡,山口市,https://www.cgr.mlit.go.jp/douro/Michi-no-Eki/single.html?name=%E9%95%B7%E9%96%80%E5%B3%A1
山口県,ピュアラインにしき,岩国市,https://www.cgr.mlit.go.jp/douro/Michi-no-Eki/single.html?name=%E3%83%94%E3%83%A5%E3%82%A2%E3%83%A9%E3%82%A4%E3%83%B3%E3%81%AB%E3%81%97%E3%81%8D
山口県,おふく,美祢市,https://www.cgr.mlit.go.jp/douro/Michi-no-Eki/single.html?name=%E3%81%8A%E3%81%B5%E3%81%8F
山口県,みとう,美祢市,https://www.cgr.mlit.go.jp/douro/Michi-no-Eki/single.html?name=%E3%81%BF%E3%81%A8%E3%81%86
山口県,仁保の郷,山口市,https://www.cgr.mlit.go.jp/douro/Michi-no-Eki/single.html?name=%E4%BB%81%E4%BF%9D%E3%81%AE%E9%83%B7
山口県,萩しーまーと,萩市,https://www.cgr.mlit.go.jp/douro/Michi-no-Eki/single.html?name=%E8%90%A9%E3%81%97%E3%83%BC%E3%81%BE%E3%83%BC%E3%81%A8
山口県,願成就温泉,山口市,https://www.cgr.mlit.go.jp/douro/Michi-no-Eki/single.html?name=%E9%A1%98%E6%88%90%E5%B0%B1%E6%B8%A9%E6%B3%89
山口県,うり坊の郷ｋａｔａｍａｔａ,萩市,https://www.cgr.mlit.go.jp/douro/Michi-no-Eki/single.html?name=%E3%81%86%E3%82%8A%E5%9D%8A%E3%81%AE%E9%83%B7%EF%BD%8B%EF%BD%81%EF%BD%94%EF%BD%81%EF%BD%8D%EF%BD%81%EF%BD%94%EF%BD%81
山口県,蛍街道西ノ市,下関市,https://www.cgr.mlit.go.jp/douro/Michi-no-Eki/single.html?name=%E8%9B%8D%E8%A1%97%E9%81%93%E8%A5%BF%E3%83%8E%E5%B8%82
山口県,きらら　あじす,山口市,https://www.cgr.mlit.go.jp/douro/Michi-no-Eki/single.html?name=%E3%81%8D%E3%82%89%E3%82%89_%E3%81%82%E3%81%98%E3%81%99
山口県,萩・さんさん三見,萩市,https://www.cgr.mlit.go.jp/douro/Michi-no-Eki/single.html?name=%E8%90%A9%E3%83%BB%E3%81%95%E3%82%93%E3%81%95%E3%82%93%E4%B8%89%E8%A6%8B
山口県,北浦街道　豊北,下関市,https://www.cgr.mlit.go.jp/douro/Michi-no-Eki/single.html?name=%E5%8C%97%E6%B5%A6%E8%A1%97%E9%81%93_%E8%B1%8A%E5%8C%97
山口県,ソレーネ周南,周南市,https://www.cgr.mlit.go.jp/douro/Michi-no-Eki/single.html?name=%E3%82%BD%E3%83%AC%E3%83%BC%E3%83%8D%E5%91%A8%E5%8D%97
山口県,上関海峡,熊毛郡上関町,https://www.cgr.mlit.go.jp/douro/Michi-no-Eki/single.html?name=%E4%B8%8A%E9%96%A2%E6%B5%B7%E5%B3%A1
山口県,潮彩市場防府,防府市,https://www.cgr.mlit.go.jp/douro/Michi-no-Eki/single.html?name=%E6%BD%AE%E5%BD%A9%E5%B8%82%E5%A0%B4%E9%98%B2%E5%BA%9C
山口県,センザキッチン,長門市,https://www.cgr.mlit.go.jp/douro/Michi-no-Eki/single.html?name=%E3%82%BB%E3%83%B3%E3%82%B6%E3%82%AD%E3%83%83%E3%83%81%E3%83%B3
徳島県,貞光ゆうゆう館,美馬郡つるぎ町,https://www.skr.mlit.go.jp/road/rstation/eki/to01_sadamitsu.html
徳島県,鷲の里,那賀郡那賀町,https://www.skr.mlit.go.jp/road/rstation/eki/to02_washinosato.html
徳島県,宍喰温泉,海部郡海陽町,https://www.skr.mlit.go.jp/road/rstation/eki/to03_shishikui.html
徳島県,どなり,阿波市,https://www.skr.mlit.go.jp/road/rstation/eki/to04_donari.html
徳島県,にしいや,三好市,https://www.skr.mlit.go.jp/road/rstation/eki/to05_nishiiya.html
徳島県,わじき,那賀郡那賀町,https://www.skr.mlit.go.jp/road/rstation/eki/to06_wajiki.html
徳島県,公方の郷なかがわ,阿南市,https://www.skr.mlit.go.jp/road/rstation/eki/to07_nakagawa.html
徳島県,もみじ川温泉,那賀郡那賀町,https://www.skr.mlit.go.jp/road/rstation/eki/to08_momijigawa.html
徳島県,温泉の里神山,名西郡神山町,https://www.skr.mlit.go.jp/road/rstation/eki/to09_kamiyama.html
徳島県,藍ランドうだつ,美馬市,https://www.skr.mlit.go.jp/road/rstation/eki/to10_udatsu.html
徳島県,三野,三好市,https://www.skr.mlit.go.jp/road/rstation/eki/to11_mino.html
徳島県,日和佐,海部郡美波町,https://www.skr.mlit.go.jp/road/rstation/eki/to12_hiwasa.html
徳島県,第九の里,鳴門市,https://www.skr.mlit.go.jp/road/rstation/eki/to13_daiku.html
徳島県,大歩危,三好市,https://www.skr.mlit.go.jp/road/rstation/eki/to14_ooboke.html
徳島県,ひなの里かつうら,勝浦郡勝浦町,https://www.skr.mlit.go.jp/road/rstation/eki/to15_katsuura.html
徳島県,みまの里,美馬市,https://www.skr.mlit.go.jp/road/rstation/eki/to16_mima.html
徳島県,いたの,板野郡板野町,https://www.skr.mlit.go.jp/road/rstation/eki/to17_itano.html
徳島県,くるくる なると,鳴門市,https://www.skr.mlit.go.jp/road/rstation/eki/to18_naruto.html
香川県,瀬戸大橋記念公園,坂出市,https://www.skr.mlit.go.jp/road/rstation/eki/ka01_setooohashi.html
香川県,津田の松原,さぬき市,https://www.skr.mlit.go.jp/road/rstation/eki/ka02_tsuda.html
香川県,ことひき,観音寺市,https://www.skr.mlit.go.jp/road/rstation/eki/ka03_kotohiki.html
香川県,ふれあいパークみの,三豊市,https://www.skr.mlit.go.jp/road/rstation/eki/ka04_mino.html
香川県,小豆島オリーブ公園,小豆郡小豆島町,https://www.skr.mlit.go.jp/road/rstation/eki/ka05_olive.html
香川県,小豆島ふるさと村,小豆郡小豆島町,https://www.skr.mlit.go.jp/road/rstation/eki/ka06_furusato.html
香川県,空の夢もみの木パーク,仲多度郡まんのう町,https://www.skr.mlit.go.jp/road/rstation/eki/ka07_mominoki.html
香川県,みろく,さぬき市,https://www.skr.mlit.go.jp/road/rstation/eki/ka08_miroku.html
香川県,しおのえ,高松市,https://www.skr.mlit.go.jp/road/rstation/eki/ka09_shionoe.html
香川県,滝宮,綾歌郡綾川町,https://www.skr.mlit.go.jp/road/rstation/eki/ka10_takinomiya.html
香川県,ことなみ,仲多度郡まんのう町,https://www.skr.mlit.go.jp/road/rstation/eki/ka11_kotonami.html
香川県,恋人の聖地　うたづ臨海公園,綾歌郡宇多津町,https://www.skr.mlit.go.jp/road/rstation/eki/ka12_utadu.html
香川県,とよはま,観音寺市,https://www.skr.mlit.go.jp/road/rstation/eki/ka13_toyohama.html
香川県,たからだの里さいた,三豊市,https://www.skr.mlit.go.jp/road/rstation/eki/ka14_saita.html
香川県,大坂城残石記念公園,小豆郡土庄町,https://www.skr.mlit.go.jp/road/rstation/eki/ka15_oosaka.html
香川県,ながお,さぬき市,https://www.skr.mlit.go.jp/road/rstation/eki/ka16_nagao.html
香川県,香南楽湯,高松市,https://www.skr.mlit.go.jp/road/rstation/eki/ka17_kounan.html
香川県,源平の里むれ,高松市,https://www.skr.mlit.go.jp/road/rstation/eki/ka18_mure.html
愛媛県,佐田岬半島ミュージアム,西宇和郡伊方町,https://www.skr.mlit.go.jp/road/rstation/eki/eh01_sadamisaki.html
愛媛県,マイントピア別子,新居浜市,https://www.skr.mlit.go.jp/road/rstation/eki/eh02_besshi.html
愛媛県,日吉夢産地,北宇和郡鬼北町,https://www.skr.mlit.go.jp/road/rstation/eki/eh03_hiyoshi.html
愛媛県,ひろた,伊予郡砥部町,https://www.skr.mlit.go.jp/road/rstation/eki/eh04_hirota.html
愛媛県,ふたみ,伊予市,https://www.skr.mlit.go.jp/road/rstation/eki/eh05_futami.html
愛媛県,内子フレッシュパークからり,喜多郡内子町,https://www.skr.mlit.go.jp/road/rstation/eki/eh06_uchiko.html
愛媛県,伊方きらら館,西宇和郡伊方町,https://www.skr.mlit.go.jp/road/rstation/eki/eh07_ikata.html
愛媛県,きなはい屋しろかわ,西予市,https://www.skr.mlit.go.jp/road/rstation/eki/eh08_shirokawa.html
愛媛県,みしょうＭＩＣ,南宇和郡愛南町,https://www.skr.mlit.go.jp/road/rstation/eki/eh09_misyou.html
愛媛県,今治湯ノ浦温泉,今治市,https://www.skr.mlit.go.jp/road/rstation/eki/eh10_imabari.html
愛媛県,虹の森公園まつの,北宇和郡松野町,https://www.skr.mlit.go.jp/road/rstation/eki/eh11_matsuno.html
愛媛県,広見森の三角ぼうし,北宇和郡鬼北町,https://www.skr.mlit.go.jp/road/rstation/eki/eh12_hiromi.html
愛媛県,伯方Ｓ・Ｃパーク,今治市,https://www.skr.mlit.go.jp/road/rstation/eki/eh13_hakata.html
愛媛県,今治市多々羅しまなみ公園,今治市,https://www.skr.mlit.go.jp/road/rstation/eki/eh14_tatara.html
愛媛県,しまなみの駅御島,今治市,https://www.skr.mlit.go.jp/road/rstation/eki/eh15_mishima.html
愛媛県,小松オアシス,西条市,https://www.skr.mlit.go.jp/road/rstation/eki/eh16_komatsu.html
愛媛県,みかわ,上浮穴郡久万高原町,https://www.skr.mlit.go.jp/road/rstation/eki/eh17_mikawa.html
愛媛県,清流の里ひじかわ,大洲市,https://www.skr.mlit.go.jp/road/rstation/eki/eh18_hijikawa.html
愛媛県,よしうみいきいき館,今治市,https://www.skr.mlit.go.jp/road/rstation/eki/eh19_yoshiumi.html
愛媛県,風早の郷風和里,松山市,https://www.skr.mlit.go.jp/road/rstation/eki/eh20_fuwari.html
愛媛県,みま,宇和島市,https://www.skr.mlit.go.jp/road/rstation/eki/eh21_mima.html
愛媛県,小田の郷せせらぎ,喜多郡内子町,https://www.skr.mlit.go.jp/road/rstation/eki/eh22_oda.html
愛媛県,うわじま　きさいや広場,宇和島市,https://www.skr.mlit.go.jp/road/rstation/eki/eh23_uwajima.html
愛媛県,霧の森,四国中央市,https://www.skr.mlit.go.jp/road/rstation/eki/eh24_kirinomori.html
愛媛県,八幡浜みなっと,八幡浜市,https://www.skr.mlit.go.jp/road/rstation/eki/eh25_yawatahama.html
愛媛県,津島やすらぎの里,宇和島市,https://www.skr.mlit.go.jp/road/rstation/eki/eh26_tsushima.html
愛媛県,どんぶり館,西予市,https://www.skr.mlit.go.jp/road/rstation/eki/eh27_donburikan.html
愛媛県,天空の郷さんさん,上浮穴郡久万高原町,https://www.skr.mlit.go.jp/road/rstation/eki/eh28_sansan.html
愛媛県,なかやま,伊予市,https://www.skr.mlit.go.jp/road/rstation/eki/eh29_nakayama.html
高知県,大杉,長岡郡大豊町,https://www.skr.mlit.go.jp/road/rstation/eki/ko01_oosugi.html
高知県,すくも,宿毛市,https://www.skr.mlit.go.jp/road/rstation/eki/ko02_sukumo.html
高知県,大月,幡多郡大月町,https://www.skr.mlit.go.jp/road/rstation/eki/ko03_ootsuki.html
高知県,四万十大正,高岡郡四万十町,https://www.skr.mlit.go.jp/road/rstation/eki/ko04_taisyou.html
高知県,ゆすはら,高岡郡梼原町,https://www.skr.mlit.go.jp/road/rstation/eki/ko05_yusuhara.html
高知県,南国風良里,南国市,https://www.skr.mlit.go.jp/road/rstation/eki/ko06_nankoku.html
高知県,美良布,香美市,https://www.skr.mlit.go.jp/road/rstation/eki/ko07_birafu.html
高知県,布施ヶ坂,高岡郡津野町,https://www.skr.mlit.go.jp/road/rstation/eki/ko08_fusegasaka.html
高知県,キラメッセ室戸,室戸市,https://www.skr.mlit.go.jp/road/rstation/eki/ko09_muroto.html
高知県,土佐和紙工芸村,吾川郡いの町,https://www.skr.mlit.go.jp/road/rstation/eki/ko10_tosawashi.html
高知県,土佐さめうら,土佐郡土佐町,https://www.skr.mlit.go.jp/road/rstation/eki/ko11_sameura.html
高知県,大山,安芸市,https://www.skr.mlit.go.jp/road/rstation/eki/ko12_ooyama.html
高知県,かわうその里すさき,須崎市,https://www.skr.mlit.go.jp/road/rstation/eki/ko13_susaki.html
高知県,あぐり窪川,高岡郡四万十町,https://www.skr.mlit.go.jp/road/rstation/eki/ko14_kubokawa.html
高知県,木の香,吾川郡いの町,https://www.skr.mlit.go.jp/road/rstation/eki/ko15_konoka.html
高知県,めじかの里土佐清水,土佐清水市,https://www.skr.mlit.go.jp/road/rstation/eki/ko16_tosashimizu.html
高知県,やす,香南市,https://www.skr.mlit.go.jp/road/rstation/eki/ko17_yasu.html
高知県,６３３美の里,吾川郡いの町,https://www.skr.mlit.go.jp/road/rstation/eki/ko18_musasabi.html
高知県,田野駅屋,安芸郡田野町,https://www.skr.mlit.go.jp/road/rstation/eki/ko19_tano.html
高知県,ビオスおおがた,幡多郡黒潮町,https://www.skr.mlit.go.jp/road/rstation/eki/ko20_oogata.html
高知県,四万十とおわ,高岡郡四万十町,https://www.skr.mlit.go.jp/road/rstation/eki/ko21_toowa.html
高知県,なぶら土佐佐賀,幡多郡黒潮町,https://www.skr.mlit.go.jp/road/rstation/eki/ko22_saga.html
高知県,よって西土佐,四万十市,https://www.skr.mlit.go.jp/road/rstation/eki/ko23_nishitosa.html
高知県,なかとさ,高岡郡中土佐町,https://www.skr.mlit.go.jp/road/rstation/eki/ko24_nakatosa.html
高知県,まきのさんの道の駅・佐川,高岡郡佐川町,https://www.skr.mlit.go.jp/road/rstation/eki/ko25_sakawa.html
高知県,東洋町,安芸郡東洋町,https://www.skr.mlit.go.jp/road/rstation/eki/ko26_toyotown.html
福岡県,原鶴,朝倉市,http://www.qsr.mlit.go.jp/n-michi/michi_no_eki/kobetu/harazuru/harazuru.html
福岡県,豊前おこしかけ,豊前市,http://www.qsr.mlit.go.jp/n-michi/michi_no_eki/kobetu/buzen/buzen.html
福岡県,小石原,朝倉郡東峰村,http://www.qsr.mlit.go.jp/n-michi/michi_no_eki/kobetu/koishiwara/koishiwara.html
福岡県,しんよしとみ,築上郡上毛町,http://www.qsr.mlit.go.jp/n-michi/michi_no_eki/kobetu/shinyoshitomi/shinyoshitomi.html
福岡県,うきは,うきは市,http://www.qsr.mlit.go.jp/n-michi/michi_no_eki/kobetu/ukiha/ukiha.html
福岡県,おおむた,大牟田市,http://www.qsr.mlit.go.jp/n-michi/michi_no_eki/kobetu/omuta/omuta.html
福岡県,たちばな,八女市,http://www.qsr.mlit.go.jp/n-michi/michi_no_eki/kobetu/tachibana/tachibana.html
福岡県,うすい,嘉麻市,http://www.qsr.mlit.go.jp/n-michi/michi_no_eki/kobetu/usui/usui.html
福岡県,歓遊舎ひこさん,田川郡添田町,http://www.qsr.mlit.go.jp/n-michi/michi_no_eki/kobetu/hikosan/hikosan.html
福岡県,むなかた,宗像市,http://www.qsr.mlit.go.jp/n-michi/michi_no_eki/kobetu/munakata/munakata.html
福岡県,くるめ,久留米市,http://www.qsr.mlit.go.jp/n-michi/michi_no_eki/kobetu/kurume/kurume.html
福岡県,香春,田川郡香春町,http://www.qsr.mlit.go.jp/n-michi/michi_no_eki/kobetu/kawara/kawara.html
福岡県,おおき,三潴郡大木町,http://www.qsr.mlit.go.jp/n-michi/michi_no_eki/kobetu/ooki/ooki.html
福岡県,おおとう桜街道,田川郡大任町,http://www.qsr.mlit.go.jp/n-michi/michi_no_eki/kobetu/ootousakurakaidou/ootousakurakaidou.html
福岡県,みやま,みやま市,http://www.qsr.mlit.go.jp/n-michi/michi_no_eki/kobetu/miyama/miyama.html
福岡県,いとだ,田川郡糸田町,http://www.qsr.mlit.go.jp/n-michi/michi_no_eki/kobetu/itoda/itoda.html
福岡県,筑前みなみの里,朝倉郡筑前町,http://www.qsr.mlit.go.jp/n-michi/michi_no_eki/kobetu/chikuzen/chikuzen.html
佐賀県,鹿島,鹿島市,http://www.qsr.mlit.go.jp/n-michi/michi_no_eki/kobetu/kashima/kashima.html
佐賀県,厳木,唐津市,http://www.qsr.mlit.go.jp/n-michi/michi_no_eki/kobetu/kyuragi/kyuragi.html
佐賀県,伊万里,伊万里市,http://www.qsr.mlit.go.jp/n-michi/michi_no_eki/kobetu/imari/imari.html
佐賀県,桃山天下市,唐津市,http://www.qsr.mlit.go.jp/n-michi/michi_no_eki/kobetu/momoyama/momoyama.html
佐賀県,山内,武雄市,http://www.qsr.mlit.go.jp/n-michi/michi_no_eki/kobetu/yamauchi/yamauchi.html
佐賀県,大和,佐賀市,http://www.qsr.mlit.go.jp/n-michi/michi_no_eki/kobetu/yamato/yamato.html
佐賀県,吉野ヶ里,神埼郡吉野ヶ里町,http://www.qsr.mlit.go.jp/n-michi/michi_no_eki/kobetu/yoshino/yoshino.html
佐賀県,太良,藤津郡太良町,http://www.qsr.mlit.go.jp/n-michi/michi_no_eki/kobetu/tara/tara.html
佐賀県,しろいし,杵島郡白石町,http://www.qsr.mlit.go.jp/n-michi/michi_no_eki/kobetu/shiroishi/shiroishi.html
佐賀県,うれしの まるく,嬉野市,http://www.qsr.mlit.go.jp/n-michi/michi_no_eki/kobetu/ureshino/ureshino.html
佐賀県,かみみね,三養基郡上峰町,http://www.qsr.mlit.go.jp/n-michi/michi_no_eki/kobetu/kamimine/kamimine.html
長崎県,生月大橋,平戸市,http://www.qsr.mlit.go.jp/n-michi/michi_no_eki/kobetu/ikitsuki/ikitsuki.html
長崎県,ひまわり,南島原市,http://www.qsr.mlit.go.jp/n-michi/michi_no_eki/kobetu/himawari/himawari.html
長崎県,昆虫の里たびら,平戸市,http://www.qsr.mlit.go.jp/n-michi/michi_no_eki/kobetu/tabira/tabira.html
長崎県,彼杵の荘,東彼杵郡東彼杵町,http://www.qsr.mlit.go.jp/n-michi/michi_no_eki/kobetu/sonogi/sonogi.html
長崎県,さいかい,西海市,http://www.qsr.mlit.go.jp/n-michi/michi_no_eki/kobetu/saikai/saikai.html
長崎県,夕陽が丘そとめ,長崎市,http://www.qsr.mlit.go.jp/n-michi/michi_no_eki/kobetu/sotome/sotome.html
長崎県,松浦海のふるさと館,松浦市,http://www.qsr.mlit.go.jp/n-michi/michi_no_eki/kobetu/matuura/matuura.html
長崎県,遣唐使ふるさと館,五島市,http://www.qsr.mlit.go.jp/n-michi/michi_no_eki/kobetu/kentoushi/kentoushi.html
長崎県,鷹ら島,松浦市,http://www.qsr.mlit.go.jp/n-michi/michi_no_eki/kobetu/takarajima/takarajima.html
長崎県,させぼっくす　９９,佐世保市,http://www.qsr.mlit.go.jp/n-michi/michi_no_eki/kobetu/sasebox99/sasebox99.html
長崎県,長崎街道鈴田峠,大村市,http://www.qsr.mlit.go.jp/n-michi/michi_no_eki/kobetu/suzutatouge/suzutatouge.html
長崎県,２５１いいもりじゃがーロード,諫早市,http://www.qsr.mlit.go.jp/n-michi/michi_no_eki/kobetu/iimori/iimori.html
熊本県,小国,阿蘇郡小国町,http://www.qsr.mlit.go.jp/n-michi/michi_no_eki/kobetu/oguni/oguni.html
熊本県,波野,阿蘇市,http://www.qsr.mlit.go.jp/n-michi/michi_no_eki/kobetu/namino/namino.html
熊本県,旭志,菊池市,http://www.qsr.mlit.go.jp/n-michi/michi_no_eki/kobetu/kyokushi/kyokushi.html
熊本県,大津,菊池郡大津町,http://www.qsr.mlit.go.jp/n-michi/michi_no_eki/kobetu/ozu/ozu.html
熊本県,坂本,八代市,http://www.qsr.mlit.go.jp/n-michi/michi_no_eki/kobetu/sakamoto/sakamoto.html
熊本県,不知火,宇城市,http://www.qsr.mlit.go.jp/n-michi/michi_no_eki/kobetu/shiranui/shiranui.html
熊本県,有明,天草市,http://www.qsr.mlit.go.jp/n-michi/michi_no_eki/kobetu/ariake/ariake.html
熊本県,鹿北,山鹿市,http://www.qsr.mlit.go.jp/n-michi/michi_no_eki/kobetu/kahoku/kahoku.html
熊本県,七城メロンドーム,菊池市,http://www.qsr.mlit.go.jp/n-michi/michi_no_eki/kobetu/shichijyo/shichijyo.html
熊本県,泗水,菊池市,http://www.qsr.mlit.go.jp/n-michi/michi_no_eki/kobetu/shisui/shisui.html
熊本県,きくすい,玉名郡和水町,http://www.qsr.mlit.go.jp/n-michi/michi_no_eki/kobetu/kikusui/kikusui.html
熊本県,清和文楽邑,上益城郡山都町,http://www.qsr.mlit.go.jp/n-michi/michi_no_eki/kobetu/seiwa/seiwa.html
熊本県,通潤橋,上益城郡山都町,http://www.qsr.mlit.go.jp/n-michi/michi_no_eki/kobetu/tujyunkyo/tujyunkyo.html
熊本県,竜北,八代郡氷川町,http://www.qsr.mlit.go.jp/n-michi/michi_no_eki/kobetu/ryuhoku/ryuhoku.html
熊本県,錦,球磨郡錦町,http://www.qsr.mlit.go.jp/n-michi/michi_no_eki/kobetu/nishiki/nishiki.html
熊本県,たのうら,葦北郡芦北町,http://www.qsr.mlit.go.jp/n-michi/michi_no_eki/kobetu/tanoura/tanoura.html
熊本県,子守唄の里　五木,球磨郡五木村,http://www.qsr.mlit.go.jp/n-michi/michi_no_eki/kobetu/itsuki/itsuki.html
熊本県,宇土マリーナ,宇土市,http://www.qsr.mlit.go.jp/n-michi/michi_no_eki/kobetu/uto/uto.html
熊本県,阿蘇,阿蘇市,http://www.qsr.mlit.go.jp/n-michi/michi_no_eki/kobetu/aso/aso.html
熊本県,みなまた,水俣市,http://www.qsr.mlit.go.jp/n-michi/michi_no_eki/kobetu/minamata/minamata.html
熊本県,うき,宇城市,http://www.qsr.mlit.go.jp/n-michi/michi_no_eki/kobetu/uki/uki.html
熊本県,そよ風パーク,上益城郡山都町,http://www.qsr.mlit.go.jp/n-michi/michi_no_eki/kobetu/soyokaze/soyokaze.html
熊本県,大野温泉,葦北郡芦北町,http://www.qsr.mlit.go.jp/n-michi/michi_no_eki/kobetu/oonoonsen/oonoonsen.html
熊本県,美里「佐俣の湯」,下益城郡美里町,http://www.qsr.mlit.go.jp/n-michi/michi_no_eki/kobetu/misatosamatanoyu/misatosamatanoyu.html
熊本県,上天草さんぱーる,上天草市,http://www.qsr.mlit.go.jp/n-michi/michi_no_eki/kobetu/kamiamakusa/kamiamakusa.html
熊本県,うしぶか海彩館,天草市,http://www.qsr.mlit.go.jp/n-michi/michi_no_eki/kobetu/ushibuka/ushibuka.html
熊本県,あそ望の郷くぎの,阿蘇郡南阿蘇村,http://www.qsr.mlit.go.jp/n-michi/michi_no_eki/kobetu/asobounosato/asobounosato.html
熊本県,水辺プラザかもと,山鹿市,http://www.qsr.mlit.go.jp/n-michi/michi_no_eki/kobetu/mizubeplazakamoto/kamoto.html
熊本県,すいかの里植木,熊本市,http://www.qsr.mlit.go.jp/n-michi/michi_no_eki/kobetu/suikanosatoueki/suika.html
熊本県,芦北でこぽん,葦北郡芦北町,http://www.qsr.mlit.go.jp/n-michi/michi_no_eki/kobetu/asikitadekopon/asikitadekopon.html
熊本県,﨑津,天草市,http://www.qsr.mlit.go.jp/n-michi/michi_no_eki/kobetu/sakitsu/sakitsu.html
熊本県,天草市イルカセンター,天草市,http://www.qsr.mlit.go.jp/n-michi/michi_no_eki/kobetu/amakusairuka/amakusairuka.html
熊本県,人吉,人吉市,http://www.qsr.mlit.go.jp/n-michi/michi_no_eki/kobetu/hitoyoshi/hitoyoshi.html
熊本県,宮地岳かかしの里,天草市,http://www.qsr.mlit.go.jp/n-michi/michi_no_eki/kobetu/miyajidake/miyajidake.html
熊本県,東陽,八代市,http://www.qsr.mlit.go.jp/n-michi/michi_no_eki/kobetu/touyou/touyou.html
熊本県,秘境の郷いずみ,八代市,https://www.qsr.mlit.go.jp/n-michi/michi_no_eki/kobetu/izumi/izumi.html
熊本県,ウェルネスあらお,荒尾市,
大分県,原尻の滝,豊後大野市,http://www.qsr.mlit.go.jp/n-michi/michi_no_eki/kobetu/harajiri/harajiri.html
大分県,宇目,佐伯市,http://www.qsr.mlit.go.jp/n-michi/michi_no_eki/kobetu/ume/ume.html
大分県,竹田,竹田市,http://www.qsr.mlit.go.jp/n-michi/michi_no_eki/kobetu/takeda/takeda.html
大分県,佐賀関,大分市,http://www.qsr.mlit.go.jp/n-michi/michi_no_eki/kobetu/saganoseki/saganoseki.html
大分県,やまくに,中津市,http://www.qsr.mlit.go.jp/n-michi/michi_no_eki/kobetu/yamakuni/yamakuni.html
大分県,耶馬トピア,中津市,http://www.qsr.mlit.go.jp/n-michi/michi_no_eki/kobetu/yaba/yaba.html
大分県,あさじ,豊後大野市,http://www.qsr.mlit.go.jp/n-michi/michi_no_eki/kobetu/asaji/asaji.html
大分県,いんない,宇佐市,http://www.qsr.mlit.go.jp/n-michi/michi_no_eki/kobetu/innai/innai.html
大分県,せせらぎ郷かみつえ,日田市,http://www.qsr.mlit.go.jp/n-michi/michi_no_eki/kobetu/kamitsue/kamitsue.html
大分県,やよい,佐伯市,http://www.qsr.mlit.go.jp/n-michi/michi_no_eki/kobetu/yayoi/yayoi.html
大分県,鯛生金山,日田市,http://www.qsr.mlit.go.jp/n-michi/michi_no_eki/kobetu/taio/taio.html
大分県,きよかわ,豊後大野市,http://www.qsr.mlit.go.jp/n-michi/michi_no_eki/kobetu/kiyokawa/kiyokawa.html
大分県,ゆふいん,由布市,http://www.qsr.mlit.go.jp/n-michi/michi_no_eki/kobetu/yuhuin/yuhuin.html
大分県,みえ,豊後大野市,http://www.qsr.mlit.go.jp/n-michi/michi_no_eki/kobetu/mie/mie.html
大分県,くにさき,国東市,http://www.qsr.mlit.go.jp/n-michi/michi_no_eki/kobetu/kunisaki/kunisaki.html
大分県,水辺の郷おおやま,日田市,http://www.qsr.mlit.go.jp/n-michi/michi_no_eki/kobetu/oyama/oyama.html
大分県,かまえ,佐伯市,http://www.qsr.mlit.go.jp/n-michi/michi_no_eki/kobetu/kamae/kamae.html
大分県,ながゆ温泉,竹田市,http://www.qsr.mlit.go.jp/n-michi/michi_no_eki/kobetu/nagayu/nagayu.html
大分県,おおの,豊後大野市,http://www.qsr.mlit.go.jp/n-michi/michi_no_eki/kobetu/oono/oono.html
大分県,くにみ,国東市,http://www.qsr.mlit.go.jp/n-michi/michi_no_eki/kobetu/kunimi/kunimi.html
大分県,童話の里　くす,玖珠郡玖珠町,http://www.qsr.mlit.go.jp/n-michi/michi_no_eki/kobetu/kusu/kusu.html
大分県,すごう,竹田市,http://www.qsr.mlit.go.jp/n-michi/michi_no_eki/kobetu/sugou/sugou.html
大分県,なかつ,中津市,http://www.qsr.mlit.go.jp/n-michi/michi_no_eki/kobetu/nakatu/nakatu.html
大分県,慈恩の滝　くす,玖珠郡玖珠町,http://www.qsr.mlit.go.jp/n-michi/michi_no_eki/kobetu/jionnotakikusu/jionnotakikusu.html
大分県,のつはる,大分市,http://www.qsr.mlit.go.jp/n-michi/michi_no_eki/kobetu/notsuharu/notsuharu.html
大分県,たのうらら,大分市,http://www.qsr.mlit.go.jp/n-michi/michi_no_eki/kobetu/tanoura/tanoura.html
宮崎県,高岡,宮崎市,http://www.qsr.mlit.go.jp/n-michi/michi_no_eki/kobetu/takaoka/takaoka.html
宮崎県,北川はゆま,延岡市,http://www.qsr.mlit.go.jp/n-michi/michi_no_eki/kobetu/kitagawa/kitagawa.html
宮崎県,青雲橋,西臼杵郡日之影町,http://www.qsr.mlit.go.jp/n-michi/michi_no_eki/kobetu/seiunbashi/seiunbashi.html
宮崎県,山之口,都城市,http://www.qsr.mlit.go.jp/n-michi/michi_no_eki/kobetu/yamanokuchi/yamanokuchi.html
宮崎県,北浦,延岡市,http://www.qsr.mlit.go.jp/n-michi/michi_no_eki/kobetu/kitaura/kitaura.html
宮崎県,田野,宮崎市,http://www.qsr.mlit.go.jp/n-michi/michi_no_eki/kobetu/tano/tano.html
宮崎県,酒谷,日南市,http://www.qsr.mlit.go.jp/n-michi/michi_no_eki/kobetu/sakatani/sakatani.html
宮崎県,とうごう,日向市,http://www.qsr.mlit.go.jp/n-michi/michi_no_eki/kobetu/togo/togo.html
宮崎県,都城NiQLL,都城市,http://www.qsr.mlit.go.jp/n-michi/michi_no_eki/kobetu/miyakonojyo/miyakonojyo.html
宮崎県,ゆ～ぱるのじり,小林市,http://www.qsr.mlit.go.jp/n-michi/michi_no_eki/kobetu/yuparu/yuparu.html
宮崎県,なんごう,日南市,http://www.qsr.mlit.go.jp/n-michi/michi_no_eki/kobetu/nango/nango.html
宮崎県,日向,日向市,http://www.qsr.mlit.go.jp/n-michi/michi_no_eki/kobetu/hyuga/hyuga.html
宮崎県,高千穂,西臼杵郡高千穂町,http://www.qsr.mlit.go.jp/n-michi/michi_no_eki/kobetu/takachiho/takachiho.html
宮崎県,フェニックス,宮崎市,http://www.qsr.mlit.go.jp/n-michi/michi_no_eki/kobetu/phoenix/phoenix.html
宮崎県,つの,児湯郡都農町,http://www.qsr.mlit.go.jp/n-michi/michi_no_eki/kobetu/tuno/tuno.html
宮崎県,えびの,えびの市,http://www.qsr.mlit.go.jp/n-michi/michi_no_eki/kobetu/ebino/ebino.html
宮崎県,北方よっちみろ屋,延岡市,http://www.qsr.mlit.go.jp/n-michi/michi_no_eki/kobetu/kitakatayochimiroya/kitakatayocchimiroya.html
宮崎県,くしま,串間市,http://www.qsr.mlit.go.jp/n-michi/michi_no_eki/kobetu/kushima/kushima.html
宮崎県,きたごう,日南市,http://www.qsr.mlit.go.jp/n-michi/michi_no_eki/kobetu/kitagou/kitagou.html
鹿児島県,喜入,鹿児島市,http://www.qsr.mlit.go.jp/n-michi/michi_no_eki/kobetu/kiire/kiire.html
鹿児島県,霧島,霧島市,http://www.qsr.mlit.go.jp/n-michi/michi_no_eki/kobetu/kirishima/kirishima.html
鹿児島県,樋脇,薩摩川内市,http://www.qsr.mlit.go.jp/n-michi/michi_no_eki/kobetu/hiwaki/hiwaki.html
鹿児島県,松山,志布志市,http://www.qsr.mlit.go.jp/n-michi/michi_no_eki/kobetu/matsuyama/matsuyama.html
鹿児島県,阿久根,阿久根市,http://www.qsr.mlit.go.jp/n-michi/michi_no_eki/kobetu/akune/akune.html
鹿児島県,長島,出水郡長島町,http://www.qsr.mlit.go.jp/n-michi/michi_no_eki/kobetu/nagashima/nagashima.html
鹿児島県,くにの松原おおさき,曽於郡大崎町,http://www.qsr.mlit.go.jp/n-michi/michi_no_eki/kobetu/osaki/osaki.html
鹿児島県,根占,肝属郡南大隅町,http://www.qsr.mlit.go.jp/n-michi/michi_no_eki/kobetu/nejime/nejime.html
鹿児島県,川辺やすらぎの郷,南九州市,http://www.qsr.mlit.go.jp/n-michi/michi_no_eki/kobetu/kawanabe/kawanabe.html
鹿児島県,奄美大島住用,奄美市,http://www.qsr.mlit.go.jp/n-michi/michi_no_eki/kobetu/amami/amami.html
鹿児島県,桜島,鹿児島市,http://www.qsr.mlit.go.jp/n-michi/michi_no_eki/kobetu/sakurajima/sakurajima.html
鹿児島県,きんぽう木花館,南さつま市,http://www.qsr.mlit.go.jp/n-michi/michi_no_eki/kobetu/kinpo/kinpo.html
鹿児島県,おおすみ弥五郎伝説の里,曽於市,http://www.qsr.mlit.go.jp/n-michi/michi_no_eki/kobetu/osumi/osumi.html
鹿児島県,たからべ,曽於市,http://www.qsr.mlit.go.jp/n-michi/michi_no_eki/kobetu/takarabe/takarabe.html
鹿児島県,いぶすき,指宿市,http://www.qsr.mlit.go.jp/n-michi/michi_no_eki/kobetu/ibusuki/ibusuki.html
鹿児島県,たるみず,垂水市,http://www.qsr.mlit.go.jp/n-michi/michi_no_eki/kobetu/tarumizu/tarumizu.html
鹿児島県,すえよし,曽於市,http://www.qsr.mlit.go.jp/n-michi/michi_no_eki/kobetu/sueyosi/sueyosi.html
鹿児島県,黒之瀬戸だんだん市場,出水郡長島町,http://www.qsr.mlit.go.jp/n-michi/michi_no_eki/kobetu/kuronoseto/kuronoseto.html
鹿児島県,山川港活お海道,指宿市,http://www.qsr.mlit.go.jp/n-michi/michi_no_eki/kobetu/iokaidou/iokaidou.html
鹿児島県,錦江にしきの里,肝属郡錦江町,http://www.qsr.mlit.go.jp/n-michi//michi_no_eki/kobetu/kinnkounisikinosato/kinnpounisikinosato.html
鹿児島県,野方あらさの,曽於郡大崎町,http://www.qsr.mlit.go.jp/n-michi/michi_no_eki/kobetu/nokataarasano/nokataarasano.html
鹿児島県,たるみずはまびら,垂水市,http://www.qsr.mlit.go.jp/n-michi/michi_no_eki/kobetu/tarumizuhamabira/tarumizuhamabira.html
鹿児島県,とくのしま,大島郡徳之島町,http://www.qsr.mlit.go.jp/n-michi/michi_no_eki/kobetu/tokunosima/tokunosima.html
沖縄県,許田,名護市,http://www.dc.ogb.go.jp/road/Michi-no-Eki/kyoda.htm
沖縄県,おおぎみ,国頭郡大宜味村,http://www.dc.ogb.go.jp/road/Michi-no-Eki/oogimi.htm
沖縄県,ゆいゆい国頭,国頭郡国頭村,http://www.dc.ogb.go.jp/road/Michi-no-Eki/kunigami.htm
沖縄県,かでな,中頭郡嘉手納町,http://www.dc.ogb.go.jp/road/Michi-no-Eki/kadena.htm
沖縄県,喜名番所,中頭郡読谷村,http://www.dc.ogb.go.jp/road/Michi-no-Eki/kinabansyo.html
沖縄県,豊崎,豊見城市,http://www.dc.ogb.go.jp/road/Michi-no-Eki/toyosaki.htm
沖縄県,いとまん,糸満市,http://www.dc.ogb.go.jp/road/Michi-no-Eki/itoman.htm
沖縄県,ぎのざ,国頭郡宜野座村,http://www.dc.ogb.go.jp/road/Michi-no-Eki/ginoza.htm
沖縄県,サンライズひがし,国頭郡東村,http://www.dc.ogb.go.jp/road/Michi-no-Eki/higashi.htm
沖縄県,やんばるパイナップルの丘安波,国頭郡国頭村,http://www.dc.ogb.go.jp/road/Michi-no-Eki/aha.htm
